球员编号,球员,国家,身高,选秀年,经历时间,学校类型,位置,体重,城市,球队,赛区,分区
precious_achiuwa,Precious Achiuwa,尼日利亚,2米03,2020,1,College,前锋,"102,1 公斤",多伦多,猛龙,东部,大西洋分区
steven_adams,Steven Adams,新西兰,2米11,2013,8,College,中锋,"120,2 公斤",孟菲斯,灰熊,西部,西南分区
bam_adebayo,Bam Adebayo,美国,2米06,2017,4,College,中锋-前锋,"115,7 公斤",迈阿密,热火,东部,东南分区
santi_aldama,Santi Aldama,西班牙,2米11,2021,0,College,前锋-中锋,"97,5 公斤",孟菲斯,灰熊,西部,西南分区
lamarcus_aldridge,LaMarcus Aldridge,美国,2米11,2006,15,College,中锋-前锋,"113,4 公斤",布鲁克林,篮网,东部,大西洋分区
nickeil_alexander-walker,Nickeil Alexander-Walker,加拿大,1米96,2019,2,College,后卫,"93,0 公斤",犹他,爵士,西部,西北分区
grayson_allen,Grayson Allen,美国,1米93,2018,3,College,后卫,"89,8 公斤",密尔沃基,雄鹿,东部,中央分区
jarrett_allen,Jarrett Allen,美国,2.08,2017,4,College,中锋,110.2 公斤,克利夫兰,骑士,东部,中央分区
jose_alvarado,Jose Alvarado,美国,1米83,2021,0,College,后卫,"81,2 公斤",新奥尔良,鹈鹕,西部,西南分区
kyle_anderson,Kyle Anderson,美国,2米06,2014,7,College,前锋-后卫,"104,3 公斤",孟菲斯,灰熊,西部,西南分区
giannis_antetokounmpo,Giannis Antetokounmpo,希腊,2米11,2013,8,International,前锋,"109,8 公斤",密尔沃基,雄鹿,东部,中央分区
thanasis_antetokounmpo,Thanasis Antetokounmpo,希腊,1米98,2014,3,International,前锋,"99,3 公斤",密尔沃基,雄鹿,东部,中央分区
carmelo_anthony,Carmelo Anthony,美国,2.01,2003,18,College,前锋,108.0 公斤,洛杉矶,湖人,西部,太平洋分区
cole_anthony,Cole Anthony,美国,1.90,2020,1,College,后卫,83.9 公斤,奥兰多,魔术,东部,东南分区
og_anunoby,OG Anunoby,英国,2米01,2017,4,College,前锋,"105,2 公斤",多伦多,猛龙,东部,大西洋分区
ryan_arcidiacono,Ryan Arcidiacono,美国,1.90,2016,4,College,后卫,88.5 公斤,纽约,尼克斯,东部,大西洋分区
d.j._augustin,D.J. Augustin,美国,1.80,2008,13,College,后卫,83.0 公斤,洛杉矶,湖人,西部,太平洋分区
deni_avdija,Deni Avdija,以色列,2.06,2020,1,International,前锋,95.3 公斤,华盛顿,奇才,东部,东南分区
deandre_ayton,Deandre Ayton,巴哈马,2米11,2018,3,College,中锋,"113,4 公斤",菲尼克斯,太阳,西部,太平洋分区
udoka_azubuike,Udoka Azubuike,尼日利亚,2米13,2020,1,College,中锋-前锋,"122,5 公斤",犹他,爵士,西部,西北分区
marvin_bagley_iii,Marvin Bagley III,美国,2.11,2018,3,College,前锋,106.6 公斤,底特律,活塞,东部,中央分区
lamelo_ball,LaMelo Ball,美国,2.01,2020,1,International,后卫,81.6 公斤,夏洛特,黄蜂,东部,东南分区
lonzo_ball,Lonzo Ball,美国,1米98,2017,4,College,后卫,"86,2 公斤",芝加哥,公牛,东部,中央分区
mohamed_bamba,Mo Bamba,美国,2.13,2018,3,College,中锋,104.8 公斤,奥兰多,魔术,东部,东南分区
desmond_bane,Desmond Bane,美国,1米96,2020,1,College,后卫,"97,5 公斤",孟菲斯,灰熊,西部,西南分区
dalano_banton,Dalano Banton,加拿大,2米01,2021,0,College,前锋,"92,5 公斤",多伦多,猛龙,东部,大西洋分区
harrison_barnes,Harrison Barnes,美国,2.03,2012,9,College,前锋,102.1 公斤,萨克拉门托,国王,西部,太平洋分区
scottie_barnes,Scottie Barnes,美国,2米01,2021,0,College,前锋,"102,1 公斤",多伦多,猛龙,东部,大西洋分区
rj_barrett,RJ Barrett,加拿大,1.98,2019,2,College,前锋-后卫,97.1 公斤,纽约,尼克斯,东部,大西洋分区
will_barton,Will Barton,美国,1米96,2012,9,College,后卫,"82,1 公斤",丹佛,掘金,西部,西北分区
charles_bassey,Charles Bassey,尼日利亚,2米06,2021,0,College,中锋-前锋,"104,3 公斤",费城,76人,东部,大西洋分区
keita_bates-diop,Keita Bates-Diop,美国,2.03,2018,3,College,前锋,103.9 公斤,圣安东尼奥,马刺,西部,西南分区
nicolas_batum,Nicolas Batum,法国,2.03,2008,13,International,后卫-前锋,104.3 公斤,洛杉矶,快船,西部,太平洋分区
kent_bazemore,Kent Bazemore,美国,1.93,2012,9,College,后卫-前锋,88.5 公斤,洛杉矶,湖人,西部,太平洋分区
darius_bazley,Darius Bazley,美国,2.03,2019,2,High School,前锋,94.3 公斤,俄克拉荷马城,雷霆,西部,西北分区
bradley_beal,Bradley Beal,美国,1.93,2012,9,College,后卫,93.9 公斤,华盛顿,奇才,东部,东南分区
malik_beasley,Malik Beasley,美国,1米93,2016,5,College,后卫,"84,8 公斤",明尼苏达,森林狼,西部,西北分区
davis_bertans,Davis Bertans,拉脱维亚,2米08,2011,5,International,前锋,"102,1 公斤",达拉斯,独行侠,西部,西南分区
patrick_beverley,Patrick Beverley,美国,1米85,2009,9,College,后卫,"81,6 公斤",明尼苏达,森林狼,西部,西北分区
saddiq_bey,Saddiq Bey,美国,2.01,2020,1,College,前锋,97.5 公斤,底特律,活塞,东部,中央分区
khem_birch,Khem Birch,加拿大,2米06,0,4,College,中锋,"105,7 公斤",多伦多,猛龙,东部,大西洋分区
goga_bitadze,Goga Bitadze,格鲁吉亚,2.13,2019,2,International,中锋-前锋,113.4 公斤,印第安纳,步行者,东部,中央分区
bismack_biyombo,Bismack Biyombo,刚果民主共和国,2米03,2011,10,International,中锋,"115,7 公斤",菲尼克斯,太阳,西部,太平洋分区
nemanja_bjelica,Nemanja Bjelica,塞尔维亚,2米06,2010,6,International,前锋,"106,1 公斤",金州,勇士,西部,太平洋分区
eric_bledsoe,Eric Bledsoe,美国,1.85,2010,11,College,后卫,97.1 公斤,波特兰,开拓者,西部,西北分区
keljin_blevins,Keljin Blevins,美国,1.93,2019,1,College,后卫,90.7 公斤,波特兰,开拓者,西部,西北分区
bogdan_bogdanovic,Bogdan Bogdanovic,塞尔维亚,1米98,2014,4,International,后卫,"102,1 公斤",亚特兰大,老鹰,东部,东南分区
bojan_bogdanovic,Bojan Bogdanovic,克罗地亚,2米01,2011,7,International,前锋,"102,5 公斤",犹他,爵士,西部,西北分区
bol_bol,Bol Bol,苏丹,2.18,2019,2,College,中锋-前锋,99.8 公斤,奥兰多,魔术,东部,东南分区
leandro_bolmaro,Leandro Bolmaro,阿根廷,1米98,2020,0,International,前锋,"90,7 公斤",明尼苏达,森林狼,西部,西北分区
isaac_bonga,Isaac Bonga,德国,2米03,2018,3,International,后卫,"81,6 公斤",多伦多,猛龙,东部,大西洋分区
devin_booker,Devin Booker,美国,1米96,2015,6,College,后卫,"93,4 公斤",菲尼克斯,太阳,西部,太平洋分区
brandon_boston_jr,Brandon Boston Jr.,美国,1.98,2021,0,College,后卫,85.3 公斤,洛杉矶,快船,西部,太平洋分区
chris_boucher,Chris Boucher,圣卢西亚,2米06,2017,4,College,前锋-中锋,"90,7 公斤",多伦多,猛龙,东部,大西洋分区
james_bouknight,James Bouknight,美国,1.93,2021,0,College,后卫,86.2 公斤,夏洛特,黄蜂,东部,东南分区
avery_bradley,Avery Bradley,美国,1.90,2010,11,College,后卫,81.6 公斤,洛杉矶,湖人,西部,太平洋分区
tony_bradley,Tony Bradley,美国,2米08,2017,4,College,中锋-前锋,"112,5 公斤",芝加哥,公牛,东部,中央分区
ignas_brazdeikis,Ignas Brazdeikis,加拿大,1.98,2019,2,College,前锋,100.2 公斤,奥兰多,魔术,东部,东南分区
mikal_bridges,Mikal Bridges,美国,1米98,2018,3,College,前锋,"94,8 公斤",菲尼克斯,太阳,西部,太平洋分区
miles_bridges,Miles Bridges,美国,2.01,2018,3,College,前锋,102.1 公斤,夏洛特,黄蜂,东部,东南分区
oshae_brissett,Oshae Brissett,加拿大,2.01,2019,2,College,前锋-后卫,95.3 公斤,印第安纳,步行者,东部,中央分区
malcolm_brogdon,Malcolm Brogdon,美国,1.96,2016,5,College,后卫,103.9 公斤,印第安纳,步行者,东部,中央分区
armoni_brooks,Armoni Brooks,美国,1米90,2019,1,College,后卫,"88,5 公斤",多伦多,猛龙,东部,大西洋分区
dillon_brooks,Dillon Brooks,加拿大,2米01,2017,4,College,后卫-前锋,"102,1 公斤",孟菲斯,灰熊,西部,西南分区
bruce_brown,Bruce Brown,美国,1米93,2018,3,College,后卫-前锋,"91,6 公斤",布鲁克林,篮网,东部,大西洋分区
jaylen_brown,Jaylen Brown,美国,1米98,2016,5,College,后卫-前锋,"101,2 公斤",波士顿,凯尔特人,东部,大西洋分区
moses_brown,Moses Brown,美国,2.18,2019,2,College,中锋,111.1 公斤,克利夫兰,骑士,东部,中央分区
sterling_brown,Sterling Brown,美国,1米96,2017,4,College,后卫-前锋,"99,3 公斤",达拉斯,独行侠,西部,西南分区
greg_brown_iii,Greg Brown III,美国,2.01,2021,0,College,前锋,93.4 公斤,波特兰,开拓者,西部,西北分区
charles_brown,Charlie Brown Jr.,美国,1米98,2019,2,College,后卫,"90,3 公斤",费城,76人,东部,大西洋分区
chaundee_brown,Chaundee Brown Jr.,美国,1米96,2021,0,College,前锋,"97,5 公斤",亚特兰大,老鹰,东部,东南分区
troy_brown_jr,Troy Brown Jr.,美国,1米98,2018,3,College,后卫-前锋,"97,5 公斤",芝加哥,公牛,东部,中央分区
jalen_brunson,Jalen Brunson,美国,1米85,2018,3,College,后卫,"86,2 公斤",达拉斯,独行侠,西部,西南分区
thomas_bryant,Thomas Bryant,美国,2.08,2017,4,College,中锋-前锋,112.5 公斤,华盛顿,奇才,东部,东南分区
reggie_bullock,Reggie Bullock,美国,1米98,2013,8,College,后卫-前锋,"93,0 公斤",达拉斯,独行侠,西部,西南分区
trey_burke,Trey Burke,美国,1米83,2013,8,College,后卫,"83,9 公斤",达拉斯,独行侠,西部,西南分区
alec_burks,Alec Burks,美国,1.98,2011,10,College,后卫,97.1 公斤,纽约,尼克斯,东部,大西洋分区
jared_butler,Jared Butler,美国,1米90,2021,0,College,后卫,"87,5 公斤",犹他,爵士,西部,西北分区
jimmy_butler,Jimmy Butler,美国,2米01,2011,10,College,前锋,"104,3 公斤",迈阿密,热火,东部,东南分区
davontae_cacok,Devontae Cacok,美国,2.01,2019,2,College,前锋,108.9 公斤,圣安东尼奥,马刺,西部,西南分区
kentavious_caldwell-pope,Kentavious Caldwell-Pope,美国,1.96,2013,8,College,后卫,92.5 公斤,华盛顿,奇才,东部,东南分区
facundo_campazzo,Facundo Campazzo,阿根廷,1米78,2013,1,International,后卫,"88,5 公斤",丹佛,掘金,西部,西北分区
vlatko_cancar,Vlatko Cancar,斯洛文尼亚,2米03,2017,2,International,前锋,"107,0 公斤",丹佛,掘金,西部,西北分区
devin_cannady,Devin Cannady,美国,1.88,2019,1,College,后卫,83.0 公斤,奥兰多,魔术,东部,东南分区
clint_capela,Clint Capela,瑞士,2米08,2014,7,International,中锋,"116,1 公斤",亚特兰大,老鹰,东部,东南分区
vernon_carey_jr,Vernon Carey Jr.,美国,2.06,2020,1,College,前锋-中锋,122.5 公斤,华盛顿,奇才,东部,东南分区
jevon_carter,Jevon Carter,美国,1米85,2018,3,College,后卫,"90,7 公斤",密尔沃基,雄鹿,东部,中央分区
wendell_carter_jr,Wendell Carter Jr.,美国,2.08,2018,3,College,中锋-前锋,122.5 公斤,奥兰多,魔术,东部,东南分区
alex_caruso,Alex Caruso,美国,1米96,2016,4,College,后卫,"84,4 公斤",芝加哥,公牛,东部,中央分区
justin_champagnie,Justin Champagnie,美国,1米98,2021,0,College,后卫-前锋,"93,4 公斤",多伦多,猛龙,东部,大西洋分区
chris_chiozza,Chris Chiozza,美国,1米80,2018,3,College,后卫,"79,4 公斤",金州,勇士,西部,太平洋分区
marquese_chriss,Marquese Chriss,美国,2米06,2016,5,College,前锋,"108,9 公斤",达拉斯,独行侠,西部,西南分区
josh_christopher,Josh Christopher,美国,1.90,2021,0,College,后卫,97.5 公斤,休斯顿,火箭,西部,西南分区
gary_clark,Gary Clark,美国,1米98,2018,3,College,前锋,"102,1 公斤",新奥尔良,鹈鹕,西部,西南分区
brandon_clarke,Brandon Clarke,加拿大,2米03,2019,2,College,前锋,"97,5 公斤",孟菲斯,灰熊,西部,西南分区
jordan_clarkson,Jordan Clarkson,美国,1米93,2014,7,College,后卫,"88,0 公斤",犹他,爵士,西部,西北分区
nicolas_claxton,Nic Claxton,美国,2米11,2019,2,College,前锋-中锋,"97,5 公斤",布鲁克林,篮网,东部,大西洋分区
amir_coffey,Amir Coffey,美国,2.01,2019,2,College,后卫-前锋,95.3 公斤,洛杉矶,快船,西部,太平洋分区
john_collins,John Collins,美国,2米06,2017,4,College,前锋-中锋,"102,5 公斤",亚特兰大,老鹰,东部,东南分区
zach_collins,Zach Collins,美国,2.11,2017,3,College,前锋-中锋,113.4 公斤,圣安东尼奥,马刺,西部,西南分区
mike_conley,Mike Conley,美国,1米85,2007,14,College,后卫,"79,4 公斤",犹他,爵士,西部,西北分区
pat_connaughton,Pat Connaughton,美国,1米96,2015,6,College,后卫,"94,8 公斤",密尔沃基,雄鹿,东部,中央分区
tyler_cook,Tyler Cook,美国,2米03,2019,2,College,前锋,"115,7 公斤",芝加哥,公牛,东部,中央分区
sharife_cooper,Sharife Cooper,美国,1米85,2021,0,College,后卫,"79,8 公斤",亚特兰大,老鹰,东部,东南分区
demarcus_cousins,DeMarcus Cousins,美国,2米08,2010,10,College,中锋,"122,5 公斤",丹佛,掘金,西部,西北分区
robert_covington,Robert Covington,美国,2.01,2013,8,College,前锋,94.8 公斤,洛杉矶,快船,西部,太平洋分区
torrey_craig,Torrey Craig,美国,2米01,2014,4,College,前锋,"100,2 公斤",菲尼克斯,太阳,西部,太平洋分区
jae_crowder,Jae Crowder,美国,1米98,2012,9,College,前锋,"106,6 公斤",菲尼克斯,太阳,西部,太平洋分区
jarrett_culver,Jarrett Culver,美国,1米98,2019,2,College,后卫-前锋,"88,5 公斤",孟菲斯,灰熊,西部,西南分区
cade_cunningham,Cade Cunningham,美国,1.98,2021,0,College,后卫,99.8 公斤,底特律,活塞,东部,中央分区
seth_curry,Seth Curry,美国,1米88,2013,7,College,后卫,"83,9 公斤",布鲁克林,篮网,东部,大西洋分区
stephen_curry,Stephen Curry,美国,1米88,2009,12,College,后卫,"83,9 公斤",金州,勇士,西部,太平洋分区
anthony_davis,Anthony Davis,美国,2.08,2012,9,College,前锋-中锋,114.8 公斤,洛杉矶,湖人,西部,太平洋分区
ed_davis,Ed Davis,美国,2.06,2010,11,College,中锋-前锋,98.9 公斤,克利夫兰,骑士,东部,中央分区
terence_davis,Terence Davis,美国,1.93,2019,2,College,后卫,91.2 公斤,萨克拉门托,国王,西部,太平洋分区
demar_derozan,DeMar DeRozan,美国,1米98,2009,12,College,后卫-前锋,"99,8 公斤",芝加哥,公牛,东部,中央分区
dewayne_dedmon,Dewayne Dedmon,美国,2米13,2013,8,College,中锋,"111,1 公斤",迈阿密,热火,东部,东南分区
donte_divincenzo,Donte DiVincenzo,美国,1.93,2018,3,College,后卫,92.1 公斤,萨克拉门托,国王,西部,太平洋分区
hamidou_diallo,Hamidou Diallo,美国,1.96,2018,3,College,后卫,91.6 公斤,底特律,活塞,东部,中央分区
gorgui_dieng,Gorgui Dieng,塞内加尔,2米08,2013,8,College,中锋,"112,5 公斤",亚特兰大,老鹰,东部,东南分区
spencer_dinwiddie,Spencer Dinwiddie,美国,1米98,2014,7,College,后卫,"97,5 公斤",达拉斯,独行侠,西部,西南分区
luka_don,Luka Doncic,斯洛文尼亚,2米01,2018,3,International,前锋-后卫,"104,3 公斤",达拉斯,独行侠,西部,西南分区
luguentz_dort,Luguentz Dort,加拿大,1.90,2019,2,College,后卫,97.5 公斤,俄克拉荷马城,雷霆,西部,西北分区
ayo_dosunmu,Ayo Dosunmu,美国,1米93,2021,0,College,后卫,"90,7 公斤",芝加哥,公牛,东部,中央分区
goran_dragic,Goran Dragic,斯洛文尼亚,1米90,2008,13,International,后卫,"86,2 公斤",布鲁克林,篮网,东部,大西洋分区
andre_drummond,Andre Drummond,美国,2米08,2012,9,College,中锋,"126,6 公斤",布鲁克林,篮网,东部,大西洋分区
chris_duarte,Chris Duarte,多明尼加共和国,1.96,2021,0,College,后卫,86.2 公斤,印第安纳,步行者,东部,中央分区
david_duke_jr,David Duke Jr.,美国,1米93,2021,0,College,后卫,"92,5 公斤",布鲁克林,篮网,东部,大西洋分区
kevin_durant,Kevin Durant,美国,2米08,2007,13,College,前锋,"108,9 公斤",布鲁克林,篮网,东部,大西洋分区
anthony_edwards,Anthony Edwards,美国,1米93,2020,1,College,后卫,"102,1 公斤",明尼苏达,森林狼,西部,西北分区
carsen_edwards,Carsen Edwards,美国,1.80,2019,2,College,后卫,90.7 公斤,底特律,活塞,东部,中央分区
kessler_edwards,Kessler Edwards,美国,2米01,2021,0,College,前锋,"92,1 公斤",布鲁克林,篮网,东部,大西洋分区
cj_elleby,CJ Elleby,美国,1.98,2020,1,College,前锋-后卫,90.7 公斤,波特兰,开拓者,西部,西北分区
wayne_ellington,Wayne Ellington,美国,1.93,2009,12,College,后卫,93.9 公斤,洛杉矶,湖人,西部,太平洋分区
joel_embiid,Joel Embiid,喀麦隆,2米13,2014,5,College,中锋-前锋,"127,0 公斤",费城,76人,东部,大西洋分区
derrick_favors,Derrick Favors,美国,2.06,2010,11,College,前锋,120.2 公斤,俄克拉荷马城,雷霆,西部,西北分区
bruno_fernando,Bruno Fernando,安哥拉,2.06,2019,2,College,前锋-中锋,108.9 公斤,休斯顿,火箭,西部,西南分区
dorian_finney-smith,Dorian Finney-Smith,美国,2米01,2016,5,College,前锋,"99,8 公斤",达拉斯,独行侠,西部,西南分区
malik_fitts,Malik Fitts,美国,1米96,2020,1,College,前锋,"104,3 公斤",波士顿,凯尔特人,东部,大西洋分区
malachi_flynn,Malachi Flynn,美国,1米85,2020,1,College,后卫,"79,4 公斤",多伦多,猛龙,东部,大西洋分区
bryn_forbes,Bryn Forbes,美国,1米88,2016,5,College,后卫,"93,0 公斤",丹佛,掘金,西部,西北分区
trent_forrest,Trent Forrest,美国,1米93,2020,1,College,后卫,"95,3 公斤",犹他,爵士,西部,西北分区
evan_fournier,Evan Fournier,法国,1.98,2012,9,International,后卫-前锋,93.0 公斤,纽约,尼克斯,东部,大西洋分区
de'aaron_fox,De'Aaron Fox,美国,1.90,2017,4,College,后卫,83.9 公斤,萨克拉门托,国王,西部,太平洋分区
melvin_frazier_jr,Melvin Frazier Jr.,美国,1.96,2018,2,College,后卫-前锋,97.5 公斤,俄克拉荷马城,雷霆,西部,西北分区
markelle_fultz,Markelle Fultz,美国,1.93,2017,4,College,后卫,94.8 公斤,奥兰多,魔术,东部,东南分区
wenyen_gabriel,Wenyen Gabriel,南苏丹,2.06,2018,2,College,前锋,93.0 公斤,洛杉矶,湖人,西部,太平洋分区
daniel_gafford,Daniel Gafford,美国,2.06,2019,2,College,前锋-中锋,106.1 公斤,华盛顿,奇才,东部,东南分区
danilo_gallinari,Danilo Gallinari,意大利,2米08,2008,12,International,前锋,"107,0 公斤",亚特兰大,老鹰,东部,东南分区
darius_garland,Darius Garland,美国,1.85,2019,2,College,后卫,87.1 公斤,克利夫兰,骑士,东部,中央分区
usman_garuba,Usman Garuba,西班牙,2.03,2021,0,International,前锋,103.9 公斤,休斯顿,火箭,西部,西南分区
luka_garza,Luka Garza,美国,2.08,2021,0,College,中锋,110.2 公斤,底特律,活塞,东部,中央分区
rudy_gay,Rudy Gay,美国,2米03,2006,15,College,前锋-后卫,"113,4 公斤",犹他,爵士,西部,西北分区
paul_george,Paul George,美国,2.03,2010,11,College,前锋,99.8 公斤,洛杉矶,快船,西部,太平洋分区
taj_gibson,Taj Gibson,美国,2.06,2009,12,College,前锋,105.2 公斤,纽约,尼克斯,东部,大西洋分区
josh_giddey,Josh Giddey,澳洲,2.03,2021,0,International,后卫,93.0 公斤,俄克拉荷马城,雷霆,西部,西北分区
shai_gilgeous-alexander,Shai Gilgeous-Alexander,加拿大,1.98,2018,3,College,后卫,81.6 公斤,俄克拉荷马城,雷霆,西部,西北分区
anthony_gill,Anthony Gill,美国,2.01,2016,1,College,前锋,104.3 公斤,华盛顿,奇才,东部,东南分区
rudy_gobert,Rudy Gobert,法国,2米16,2013,8,International,中锋,"117,0 公斤",犹他,爵士,西部,西北分区
brandon_goodwin,Brandon Goodwin,美国,1.83,2018,3,College,后卫,81.6 公斤,克利夫兰,骑士,东部,中央分区
aaron_gordon,Aaron Gordon,美国,2米03,2014,7,College,前锋,"106,6 公斤",丹佛,掘金,西部,西北分区
eric_gordon,Eric Gordon,美国,1.90,2008,13,College,后卫,97.5 公斤,休斯顿,火箭,西部,西南分区
devonte_graham,Devonte' Graham,美国,1米85,2018,3,College,后卫,"88,5 公斤",新奥尔良,鹈鹕,西部,西南分区
jerami_grant,Jerami Grant,美国,2.03,2014,7,College,前锋,95.3 公斤,底特律,活塞,东部,中央分区
danny_green,Danny Green,美国,1米98,2009,12,College,后卫,"97,5 公斤",费城,76人,东部,大西洋分区
draymond_green,Draymond Green,美国,1米98,2012,9,College,前锋,"104,3 公斤",金州,勇士,西部,太平洋分区
jamychal_green,JaMychal Green,美国,2米03,2012,7,College,前锋-中锋,"103,0 公斤",丹佛,掘金,西部,西北分区
jalen_green,Jalen Green,美国,1.93,2021,0,International,后卫,84.4 公斤,休斯顿,火箭,西部,西南分区
javonte_green,Javonte Green,美国,1米96,2015,2,College,后卫-前锋,"93,0 公斤",芝加哥,公牛,东部,中央分区
jeff_green,Jeff Green,美国,2米03,2007,13,College,前锋,"106,6 公斤",丹佛,掘金,西部,西北分区
josh_green,Josh Green,澳洲,1米96,2020,1,College,后卫,"90,7 公斤",达拉斯,独行侠,西部,西南分区
blake_griffin,Blake Griffin,美国,2米06,2009,11,College,前锋,"113,4 公斤",布鲁克林,篮网,东部,大西洋分区
quentin_grimes,Quentin Grimes,美国,1.93,2021,0,College,后卫,95.3 公斤,纽约,尼克斯,东部,大西洋分区
rui_hachimura,Rui Hachimura,日本,2.03,2019,2,College,前锋,104.3 公斤,华盛顿,奇才,东部,东南分区
tyrese_haliburton,Tyrese Haliburton,美国,1.96,2020,1,College,后卫,83.9 公斤,印第安纳,步行者,东部,中央分区
rj_hampton,R.J. Hampton,美国,1.93,2020,1,International,后卫,79.4 公斤,奥兰多,魔术,东部,东南分区
tim_hardaway_jr,Tim Hardaway Jr.,美国,1米96,2013,8,College,后卫-前锋,"93,0 公斤",达拉斯,独行侠,西部,西南分区
james_harden,James Harden,美国,1米96,2009,12,College,后卫,"99,8 公斤",费城,76人,东部,大西洋分区
maurice_harkless,Maurice Harkless,美国,2.01,2012,9,College,前锋-后卫,99.8 公斤,萨克拉门托,国王,西部,太平洋分区
jared_harper,Jared Harper,美国,1米78,2019,2,College,后卫,"79,4 公斤",新奥尔良,鹈鹕,西部,西南分区
montrezl_harrell,Montrezl Harrell,美国,2.01,2015,6,College,前锋-中锋,108.9 公斤,夏洛特,黄蜂,东部,东南分区
gary_harris,Gary Harris,美国,1.93,2014,7,College,后卫,95.3 公斤,奥兰多,魔术,东部,东南分区
joe_harris,Joe Harris,美国,1米98,2014,7,College,后卫-前锋,"99,8 公斤",布鲁克林,篮网,东部,大西洋分区
tobias_harris,Tobias Harris,美国,2米01,2011,10,College,前锋,"102,5 公斤",费城,76人,东部,大西洋分区
josh_hart,Josh Hart,美国,1.96,2017,4,College,后卫,97.5 公斤,波特兰,开拓者,西部,西北分区
isaiah_hartenstein,Isaiah Hartenstein,德国,2.13,2017,3,International,中锋-前锋,113.4 公斤,洛杉矶,快船,西部,太平洋分区
udonis_haslem,Udonis Haslem,美国,2米03,2002,18,College,前锋,"106,6 公斤",迈阿密,热火,东部,东南分区
sam_hauser,Sam Hauser,美国,2米01,2021,0,College,前锋,"98,4 公斤",波士顿,凯尔特人,东部,大西洋分区
jaxson_hayes,Jaxson Hayes,美国,2米11,2019,2,College,中锋-前锋,"99,8 公斤",新奥尔良,鹈鹕,西部,西南分区
killian_hayes,Killian Hayes,法国,1.96,2020,1,International,后卫,88.5 公斤,底特律,活塞,东部,中央分区
gordon_hayward,Gordon Hayward,美国,2.01,2010,11,College,前锋,102.1 公斤,夏洛特,黄蜂,东部,东南分区
juan_hernangomez,Juancho Hernangomez,西班牙,2米06,2016,5,International,前锋,"97,1 公斤",犹他,爵士,西部,西北分区
willy_hernangomez,Willy Hernangomez,西班牙,2米11,2015,5,International,中锋-前锋,"113,4 公斤",新奥尔良,鹈鹕,西部,西南分区
tyler_herro,Tyler Herro,美国,1米96,2019,2,College,后卫,"88,5 公斤",迈阿密,热火,东部,东南分区
buddy_hield,Buddy Hield,巴哈马,1.93,2016,5,College,后卫,99.8 公斤,印第安纳,步行者,东部,中央分区
haywood_highsmith,Haywood Highsmith,美国,1米93,2018,1,College,前锋,"99,8 公斤",迈阿密,热火,东部,东南分区
george_hill,George Hill,美国,1米93,2008,13,College,后卫,"85,3 公斤",密尔沃基,雄鹿,东部,中央分区
malcolm_hill,Malcolm Hill,美国,1米98,2017,0,College,前锋,"99,8 公斤",芝加哥,公牛,东部,中央分区
nate_hinton,Nate Hinton,美国,1.96,2020,1,College,后卫-前锋,95.3 公斤,印第安纳,步行者,东部,中央分区
aaron_holiday,Aaron Holiday,美国,1米83,2018,3,College,后卫,"83,9 公斤",菲尼克斯,太阳,西部,太平洋分区
jrue_holiday,Jrue Holiday,美国,1米90,2009,12,College,后卫,"93,0 公斤",密尔沃基,雄鹿,东部,中央分区
justin_holiday,Justin Holiday,美国,1.98,2011,8,College,前锋-后卫,81.6 公斤,萨克拉门托,国王,西部,太平洋分区
richaun_holmes,Richaun Holmes,美国,2.08,2015,6,College,前锋,106.6 公斤,萨克拉门托,国王,西部,太平洋分区
rodney_hood,Rodney Hood,美国,2.03,2014,7,College,后卫-前锋,94.3 公斤,洛杉矶,快船,西部,太平洋分区
al_horford,Al Horford,多明尼加共和国,2米06,2007,14,College,中锋-前锋,"108,9 公斤",波士顿,凯尔特人,东部,大西洋分区
talen_horton-tucker,Talen Horton-Tucker,美国,1.93,2019,2,College,后卫,106.1 公斤,洛杉矶,湖人,西部,太平洋分区
danuel_house,Danuel House Jr.,美国,1米98,2016,5,College,前锋-后卫,"99,8 公斤",犹他,爵士,西部,西北分区
dwight_howard,Dwight Howard,美国,2.08,2004,17,High School,中锋-前锋,120.2 公斤,洛杉矶,湖人,西部,太平洋分区
markus_howard,Markus Howard,美国,1米78,2020,1,College,后卫,"79,4 公斤",丹佛,掘金,西部,西北分区
kevin_huerter,Kevin Huerter,美国,2米01,2018,3,College,后卫-前锋,"89,8 公斤",亚特兰大,老鹰,东部,东南分区
elijah_hughes,Elijah Hughes,美国,1.96,2020,1,College,后卫,97.5 公斤,波特兰,开拓者,西部,西北分区
feron_hunt,Feron Hunt,美国,2.03,2021,0,College,前锋,88.5 公斤,纽约,尼克斯,东部,大西洋分区
deandre_hunter,De'Andre Hunter,美国,2米03,2019,2,College,前锋-后卫,"100,2 公斤",亚特兰大,老鹰,东部,东南分区
nahshon_hyland,Bones Hyland,美国,1米88,2021,0,College,后卫,"76,7 公斤",丹佛,掘金,西部,西北分区
serge_ibaka,Serge Ibaka,刚果共和国,2米08,2008,12,International,前锋,"106,6 公斤",密尔沃基,雄鹿,东部,中央分区
andre_iguodala,Andre Iguodala,美国,1米98,2004,17,College,后卫-前锋,"97,5 公斤",金州,勇士,西部,太平洋分区
joe_ingles,Joe Ingles,澳洲,2.03,2009,7,International,前锋-后卫,99.8 公斤,波特兰,开拓者,西部,西北分区
brandon_ingram,Brandon Ingram,美国,2米03,2016,5,College,前锋,"86,2 公斤",新奥尔良,鹈鹕,西部,西南分区
kyrie_irving,Kyrie Irving,澳洲,1米88,2011,10,College,后卫,"88,5 公斤",布鲁克林,篮网,东部,大西洋分区
jonathan_isaac,Jonathan Isaac,美国,2.08,2017,3,College,前锋,104.3 公斤,奥兰多,魔术,东部,东南分区
frank_jackson,Frank Jackson,美国,1.90,2017,3,College,后卫,93.0 公斤,底特律,活塞,东部,中央分区
tmp_isaiah_jackson,Isaiah Jackson,美国,2.08,2021,0,College,前锋,93.0 公斤,印第安纳,步行者,东部,中央分区
josh_jackson,Josh Jackson,美国,2.03,2017,4,College,后卫-前锋,93.9 公斤,萨克拉门托,国王,西部,太平洋分区
reggie_jackson,Reggie Jackson,美国,1.88,2011,10,College,后卫,94.3 公斤,洛杉矶,快船,西部,太平洋分区
jaren_jackson_jr,Jaren Jackson Jr.,美国,2米11,2018,3,College,前锋-中锋,"109,8 公斤",孟菲斯,灰熊,西部,西南分区
lebron_james,LeBron James,美国,2.06,2003,18,High School,前锋,113.4 公斤,洛杉矶,湖人,西部,太平洋分区
ty_jerome,Ty Jerome,美国,1.96,2019,2,College,后卫-前锋,88.5 公斤,俄克拉荷马城,雷霆,西部,西北分区
isaiah_joe,Isaiah Joe,美国,1米93,2020,1,College,后卫,"74,8 公斤",费城,76人,东部,大西洋分区
cameron_johnson,Cameron Johnson,美国,2米03,2019,2,College,前锋,"95,3 公斤",菲尼克斯,太阳,西部,太平洋分区
david_johnson,David Johnson,美国,1米93,2021,0,College,后卫,"92,1 公斤",多伦多,猛龙,东部,大西洋分区
jalen_johnson,Jalen Johnson,美国,2米03,2021,0,College,前锋,"99,3 公斤",亚特兰大,老鹰,东部,东南分区
keldon_johnson,Keldon Johnson,美国,1.98,2019,2,College,前锋-后卫,99.8 公斤,圣安东尼奥,马刺,西部,西南分区
keon_johnson,Keon Johnson,美国,1.93,2021,0,College,后卫,83.9 公斤,波特兰,开拓者,西部,西北分区
stanley_johnson,Stanley Johnson,美国,1.98,2015,6,College,前锋-后卫,109.8 公斤,洛杉矶,湖人,西部,太平洋分区
nikola_jokic,Nikola Jokic,塞尔维亚,2米11,2014,6,International,中锋,"128,8 公斤",丹佛,掘金,西部,西北分区
damian_jones,Damian Jones,美国,2.11,2016,5,College,中锋,111.1 公斤,萨克拉门托,国王,西部,太平洋分区
herbert_jones,Herbert Jones,美国,2米01,2021,0,College,前锋,"93,4 公斤",新奥尔良,鹈鹕,西部,西南分区
kai_jones,Kai Jones,巴哈马,2.08,2021,0,College,中锋-前锋,100.2 公斤,夏洛特,黄蜂,东部,东南分区
mason_jones,Mason Jones,美国,1.93,2020,1,College,后卫,90.7 公斤,洛杉矶,湖人,西部,太平洋分区
tre_jones,Tre Jones,美国,1.85,2020,1,College,后卫,83.9 公斤,圣安东尼奥,马刺,西部,西南分区
tyus_jones,Tyus Jones,美国,1米83,2015,6,College,后卫,"88,9 公斤",孟菲斯,灰熊,西部,西南分区
derrick_jones_jr,Derrick Jones Jr.,美国,1米98,2016,5,College,前锋,"95,3 公斤",芝加哥,公牛,东部,中央分区
deandre_jordan,DeAndre Jordan,美国,2米11,2008,13,College,中锋,"120,2 公斤",费城,76人,东部,大西洋分区
cory_joseph,Cory Joseph,加拿大,1.90,2011,10,College,后卫,90.7 公斤,底特律,活塞,东部,中央分区
luke_kennard,Luke Kennard,美国,1.96,2017,4,College,后卫,93.4 公斤,洛杉矶,快船,西部,太平洋分区
braxton_key,Braxton Key,美国,2.03,2021,0,College,前锋,102.1 公斤,底特律,活塞,东部,中央分区
corey_kispert,Corey Kispert,美国,1.98,2021,0,College,前锋,101.6 公斤,华盛顿,奇才,东部,东南分区
maxi_kleber,Maxi Kleber,德国,2米08,2014,4,International,前锋,"108,9 公斤",达拉斯,独行侠,西部,西南分区
nathan_knight,Nathan Knight,美国,2米08,2020,1,College,前锋-中锋,"114,8 公斤",明尼苏达,森林狼,西部,西北分区
kevin_knox,Kevin Knox II,美国,2米01,2018,3,College,前锋,"97,5 公斤",亚特兰大,老鹰,东部,东南分区
john_konchar,John Konchar,美国,1米96,2019,2,College,后卫,"95,3 公斤",孟菲斯,灰熊,西部,西南分区
furkan_korkmaz,Furkan Korkmaz,土耳其,2米01,2016,4,International,后卫-前锋,"91,6 公斤",费城,76人,东部,大西洋分区
luke_kornet,Luke Kornet,美国,2米18,2017,4,College,中锋-前锋,"113,4 公斤",波士顿,凯尔特人,东部,大西洋分区
vit_krejci,Vit Krejci,捷克共和国,2.03,2020,0,International,后卫,88.5 公斤,俄克拉荷马城,雷霆,西部,西北分区
arnoldas_kulboka,Arnoldas Kulboka,立陶宛,2.08,2018,0,International,前锋,94.8 公斤,夏洛特,黄蜂,东部,东南分区
jonathan_kuminga,Jonathan Kuminga,刚果民主共和国,2米01,2021,0,International,前锋,"102,1 公斤",金州,勇士,西部,太平洋分区
kyle_kuzma,Kyle Kuzma,美国,2.06,2017,4,College,前锋,100.2 公斤,华盛顿,奇才,东部,东南分区
zach_lavine,Zach LaVine,美国,1米96,2014,7,College,后卫-前锋,"90,7 公斤",芝加哥,公牛,东部,中央分区
anthony_lamb,Anthony Lamb,美国,1.98,2020,1,College,前锋,103.0 公斤,休斯顿,火箭,西部,西南分区
jeremy_lamb,Jeremy Lamb,美国,1.96,2012,9,College,后卫-前锋,81.6 公斤,萨克拉门托,国王,西部,太平洋分区
jock_landale,Jock Landale,澳洲,2.11,2018,0,,中锋,115.7 公斤,圣安东尼奥,马刺,西部,西南分区
romeo_langford,Romeo Langford,美国,1.96,2019,2,College,后卫-前锋,98.0 公斤,圣安东尼奥,马刺,西部,西南分区
jake_layman,Jake Layman,美国,2米03,2016,5,College,前锋,"94,8 公斤",明尼苏达,森林狼,西部,西北分区
caris_levert,Caris LeVert,美国,1.98,2016,5,College,后卫,93.0 公斤,克利夫兰,骑士,东部,中央分区
damion_lee,Damion Lee,美国,1米96,2016,4,College,后卫-前锋,"95,3 公斤",金州,勇士,西部,太平洋分区
saban_lee,Saben Lee,美国,1.88,2020,1,College,后卫,83.0 公斤,底特律,活塞,东部,中央分区
alex_len,Alex Len,乌克兰,2.13,2013,8,College,中锋,113.4 公斤,萨克拉门托,国王,西部,太平洋分区
kawhi_leonard,Kawhi Leonard,美国,2.01,2011,10,College,前锋,102.1 公斤,洛杉矶,快船,西部,太平洋分区
tmp_scottie_lewis,Scottie Lewis,美国,1.96,2021,0,College,后卫,83.9 公斤,夏洛特,黄蜂,东部,东南分区
kira_lewis_jr,Kira Lewis Jr.,美国,1米85,2020,1,College,后卫,"77,1 公斤",新奥尔良,鹈鹕,西部,西南分区
damian_lillard,Damian Lillard,美国,1.88,2012,9,College,后卫,88.5 公斤,波特兰,开拓者,西部,西北分区
nassir_little,Nassir Little,美国,1.96,2019,2,College,前锋-后卫,99.8 公斤,波特兰,开拓者,西部,西北分区
isaiah_livers,Isaiah Livers,美国,1.98,2021,0,College,前锋,105.2 公斤,底特律,活塞,东部,中央分区
kevon_looney,Kevon Looney,美国,2米06,2015,6,College,前锋,"100,7 公斤",金州,勇士,西部,太平洋分区
brook_lopez,Brook Lopez,美国,2米13,2008,13,College,中锋,"127,9 公斤",密尔沃基,雄鹿,东部,中央分区
robin_lopez,Robin Lopez,美国,2.13,2008,13,College,中锋,127.5 公斤,奥兰多,魔术,东部,东南分区
marcos_louzada_silva,Didi Louzada,巴西,1.96,2019,1,International,后卫,85.3 公斤,波特兰,开拓者,西部,西北分区
kevin_love,Kevin Love,美国,2.03,2008,13,College,前锋-中锋,113.9 公斤,克利夫兰,骑士,东部,中央分区
kyle_lowry,Kyle Lowry,美国,1米83,2006,15,College,后卫,"88,9 公斤",迈阿密,热火,东部,东南分区
gabriel_lundberg,Gabriel Lundberg,Denmark,1米93,2016,0,,后卫,"92,1 公斤",菲尼克斯,太阳,西部,太平洋分区
timothe_luwawu-cabarrot,Timothe Luwawu-Cabarrot,法国,2米01,2016,5,International,后卫-前锋,"97,5 公斤",亚特兰大,老鹰,东部,东南分区
trey_lyles,Trey Lyles,加拿大,2.06,2015,6,College,前锋,106.1 公斤,萨克拉门托,国王,西部,太平洋分区
theo_maledon,Theo Maledon,法国,1.93,2020,1,International,后卫,79.4 公斤,俄克拉荷马城,雷霆,西部,西北分区
sandro_mamukelashvili,Sandro Mamukelashvili,格鲁吉亚,2米06,2021,0,College,前锋-中锋,"108,9 公斤",密尔沃基,雄鹿,东部,中央分区
terance_mann,Terance Mann,美国,1.96,2019,2,College,后卫-前锋,97.5 公斤,洛杉矶,快船,西部,太平洋分区
tre_mann,Tre Mann,美国,1.90,2021,0,College,后卫,80.7 公斤,俄克拉荷马城,雷霆,西部,西北分区
boban_marjanovic,Boban Marjanovic,塞尔维亚,2米21,2010,6,International,中锋,"131,5 公斤",达拉斯,独行侠,西部,西南分区
lauri_markkanen,Lauri Markkanen,芬兰,2.11,2017,4,College,前锋-中锋,108.9 公斤,克利夫兰,骑士,东部,中央分区
naji_marshall,Naji Marshall,美国,2米01,2020,1,College,前锋,"99,8 公斤",新奥尔良,鹈鹕,西部,西南分区
caleb_martin,Caleb Martin,美国,1米96,2019,2,College,前锋,"93,0 公斤",迈阿密,热火,东部,东南分区
cody_martin,Cody Martin,美国,1.98,2019,2,College,前锋,93.0 公斤,夏洛特,黄蜂,东部,东南分区
kenyon_martin_jr,Kenyon Martin Jr.,美国,1.96,2020,1,High School,前锋,97.5 公斤,休斯顿,火箭,西部,西南分区
garrison_mathews,Garrison Mathews,美国,1.96,2019,2,College,后卫,97.5 公斤,休斯顿,火箭,西部,西南分区
wesley_matthews,Wesley Matthews,美国,1米93,2009,12,College,后卫,"99,8 公斤",密尔沃基,雄鹿,东部,中央分区
tyrese_maxey,Tyrese Maxey,美国,1米88,2020,1,College,后卫,"90,7 公斤",费城,76人,东部,大西洋分区
skylar_mays,Skylar Mays,美国,1米93,2020,1,College,后卫,"93,0 公斤",亚特兰大,老鹰,东部,东南分区
miles_mcbride,Miles McBride,美国,1.85,2021,0,College,后卫,88.5 公斤,纽约,尼克斯,东部,大西洋分区
mac_mcclung,Mac McClung,美国,1.88,2021,0,College,后卫,83.9 公斤,洛杉矶,湖人,西部,太平洋分区
cj_mccollum,CJ McCollum,美国,1米90,2013,8,College,后卫,"86,2 公斤",新奥尔良,鹈鹕,西部,西南分区
t.j._mcconnell,T.J. McConnell,美国,1.85,2015,6,College,后卫,86.2 公斤,印第安纳,步行者,东部,中央分区
jaden_mcdaniels,Jaden McDaniels,美国,2米06,2020,1,College,前锋,"83,9 公斤",明尼苏达,森林狼,西部,西北分区
jalen_mcdaniels,Jalen McDaniels,美国,2.06,2019,2,College,前锋-中锋,93.0 公斤,夏洛特,黄蜂,东部,东南分区
doug_mcdermott,Doug McDermott,美国,2.01,2014,7,College,前锋,102.1 公斤,圣安东尼奥,马刺,西部,西南分区
javale_mcgee,JaVale McGee,美国,2米13,2008,13,College,中锋-前锋,"122,5 公斤",菲尼克斯,太阳,西部,太平洋分区
rodney_mcgruder,Rodney McGruder,美国,1.93,2013,5,College,后卫,93.0 公斤,底特律,活塞,东部,中央分区
jordan_mclaughlin,Jordan McLaughlin,美国,1米80,2018,2,College,后卫,"83,9 公斤",明尼苏达,森林狼,西部,西北分区
ben_mclemore,Ben McLemore,美国,1.90,2013,8,College,后卫,88.5 公斤,波特兰,开拓者,西部,西北分区
deanthony_melton,De'Anthony Melton,美国,1米88,2018,3,College,后卫,"90,7 公斤",孟菲斯,灰熊,西部,西南分区
chimezie_metu,Chimezie Metu,美国,2.06,2018,3,College,前锋-中锋,102.1 公斤,萨克拉门托,国王,西部,太平洋分区
khris_middleton,Khris Middleton,美国,2米01,2012,9,College,前锋,"100,7 公斤",密尔沃基,雄鹿,东部,中央分区
patty_mills,Patty Mills,澳洲,1米83,2009,12,College,后卫,"81,6 公斤",布鲁克林,篮网,东部,大西洋分区
paul_millsap,Paul Millsap,美国,2米01,2006,15,College,前锋,"116,6 公斤",费城,76人,东部,大西洋分区
shake_milton,Shake Milton,美国,1米96,2018,3,College,后卫-前锋,"93,0 公斤",费城,76人,东部,大西洋分区
davion_mitchell,Davion Mitchell,美国,1.83,2021,0,College,后卫,91.6 公斤,萨克拉门托,国王,西部,太平洋分区
donovan_mitchell,Donovan Mitchell,美国,1米85,2017,4,College,后卫,"97,5 公斤",犹他,爵士,西部,西北分区
evan_mobley,Evan Mobley,美国,2.11,2021,0,College,中锋,97.5 公斤,克利夫兰,骑士,东部,中央分区
malik_monk,Malik Monk,美国,1.90,2017,4,College,后卫,90.7 公斤,洛杉矶,湖人,西部,太平洋分区
greg_monroe,Greg Monroe,美国,2米08,2010,9,College,前锋-中锋,"113,4 公斤",明尼苏达,森林狼,西部,西北分区
moses_moody,Moses Moody,美国,1米96,2021,0,College,后卫,"95,7 公斤",金州,勇士,西部,太平洋分区
xavier_moon,Xavier Moon,美国,1.88,0,0,College,后卫,74.8 公斤,洛杉矶,快船,西部,太平洋分区
ja_morant,Ja Morant,美国,1米90,2019,2,College,后卫,"78,9 公斤",孟菲斯,灰熊,西部,西南分区
juwan_morgan,Juwan Morgan,美国,2米01,2019,2,College,前锋,"105,2 公斤",波士顿,凯尔特人,东部,大西洋分区
markieff_morris,Markieff Morris,美国,2米06,2011,10,College,前锋,"111,1 公斤",迈阿密,热火,东部,东南分区
monte_morris,Monte Morris,美国,1米88,2017,4,College,后卫,"83,0 公斤",丹佛,掘金,西部,西北分区
marcus_morris,Marcus Morris Sr.,美国,2.03,2011,10,College,前锋,98.9 公斤,洛杉矶,快船,西部,太平洋分区
mychal_mulder,Mychal Mulder,加拿大,1米90,2017,2,College,后卫,"88,5 公斤",迈阿密,热火,东部,东南分区
trey_murphy_iii,Trey Murphy III,美国,2米03,2021,0,College,前锋,"93,4 公斤",新奥尔良,鹈鹕,西部,西南分区
dejounte_murray,Dejounte Murray,美国,1.93,2016,4,College,后卫,81.6 公斤,圣安东尼奥,马刺,西部,西南分区
jamal_murray,Jamal Murray,加拿大,1米90,2016,5,College,后卫,"97,5 公斤",丹佛,掘金,西部,西北分区
mike_muscala,Mike Muscala,美国,2.08,2013,8,College,前锋-中锋,108.9 公斤,俄克拉荷马城,雷霆,西部,西北分区
sviatoslav_mykhailiuk,Svi Mykhailiuk,乌克兰,2米01,2018,3,College,后卫-前锋,"93,0 公斤",多伦多,猛龙,东部,大西洋分区
larry_nance_jr,Larry Nance Jr.,美国,2米01,2015,6,College,前锋-中锋,"111,1 公斤",新奥尔良,鹈鹕,西部,西南分区
rj_nembhard_jr,RJ Nembhard Jr.,美国,1.93,2021,0,College,后卫,90.7 公斤,克利夫兰,骑士,东部,中央分区
aaron_nesmith,Aaron Nesmith,美国,1米96,2020,1,College,后卫-前锋,"97,5 公斤",波士顿,凯尔特人,东部,大西洋分区
raul_neto,Raul Neto,巴西,1.88,2013,6,International,后卫,81.6 公斤,华盛顿,奇才,东部,东南分区
georges_niang,Georges Niang,美国,2米01,2016,5,College,前锋,"104,3 公斤",费城,76人,东部,大西洋分区
daishen_nix,Daishen Nix,美国,1.93,2021,0,International,后卫,102.5 公斤,休斯顿,火箭,西部,西南分区
zeke_nnaji,Zeke Nnaji,美国,2米06,2020,1,College,前锋-中锋,"108,9 公斤",丹佛,掘金,西部,西北分区
nerlens_noel,Nerlens Noel,美国,2.11,2013,7,College,中锋-前锋,99.8 公斤,纽约,尼克斯,东部,大西洋分区
jaylen_nowell,Jaylen Nowell,美国,1米93,2019,2,College,后卫,"91,2 公斤",明尼苏达,森林狼,西部,西北分区
frank_ntilikina,Frank Ntilikina,法国,1米93,2017,4,International,后卫,"90,7 公斤",达拉斯,独行侠,西部,西南分区
kendrick_nunn,Kendrick Nunn,美国,1.88,2018,2,College,后卫,86.2 公斤,洛杉矶,湖人,西部,太平洋分区
jusuf_nurkic,Jusuf Nurkic,波斯尼亚和黑塞哥维那,2.11,2014,7,International,中锋,131.5 公斤,波特兰,开拓者,西部,西北分区
david_nwaba,David Nwaba,美国,1.96,0,5,College,后卫-前锋,99.3 公斤,休斯顿,火箭,西部,西南分区
jordan_nwora,Jordan Nwora,美国,2米03,2020,1,College,前锋,"102,1 公斤",密尔沃基,雄鹿,东部,中央分区
royce_o'neale,Royce O'Neale,美国,1米96,2015,4,College,前锋,"102,5 公斤",犹他,爵士,西部,西北分区
chuma_okeke,Chuma Okeke,美国,1.98,2019,1,College,前锋,103.9 公斤,奥兰多,魔术,东部,东南分区
josh_okogie,Josh Okogie,尼日利亚,1米93,2018,3,College,后卫,"96,6 公斤",明尼苏达,森林狼,西部,西北分区
onyeka_okongwi,Onyeka Okongwu,美国,2米03,2020,1,College,前锋-中锋,"108,9 公斤",亚特兰大,老鹰,东部,东南分区
isaac_okoro,Isaac Okoro,美国,1.96,2020,1,College,前锋-后卫,102.1 公斤,克利夫兰,骑士,东部,中央分区
victor_oladipo,Victor Oladipo,美国,1米93,2013,8,College,后卫,"96,6 公斤",迈阿密,热火,东部,东南分区
kelly_olynyk,Kelly Olynyk,加拿大,2.11,2013,8,College,前锋-中锋,108.9 公斤,底特律,活塞,东部,中央分区
cedi_osman,Cedi Osman,土耳其,2.01,2015,4,International,前锋,104.3 公斤,克利夫兰,骑士,东部,中央分区
kelly_oubre_jr,Kelly Oubre Jr.,美国,1.98,2015,6,College,前锋-后卫,92.1 公斤,夏洛特,黄蜂,东部,东南分区
eric_paschall,Eric Paschall,美国,1米98,2019,2,College,前锋,"115,7 公斤",犹他,爵士,西部,西北分区
chris_paul,Chris Paul,美国,1米83,2005,16,College,后卫,"79,4 公斤",菲尼克斯,太阳,西部,太平洋分区
cameron_payne,Cameron Payne,美国,1米85,2015,6,College,后卫,"83,0 公斤",菲尼克斯,太阳,西部,太平洋分区
elfrid_payton,Elfrid Payton,美国,1米90,2014,7,College,后卫,"88,5 公斤",菲尼克斯,太阳,西部,太平洋分区
gary_payton_ii,Gary Payton II,美国,1米90,2016,5,College,后卫,"88,5 公斤",金州,勇士,西部,太平洋分区
jamorko_pickett,Jamorko Pickett,美国,2.06,2021,0,College,前锋,93.4 公斤,底特律,活塞,东部,中央分区
theo_pinson,Theo Pinson,美国,1米96,2018,3,College,后卫-前锋,"96,2 公斤",达拉斯,独行侠,西部,西南分区
mason_plumlee,Mason Plumlee,美国,2.11,2013,8,College,前锋-中锋,115.2 公斤,夏洛特,黄蜂,东部,东南分区
jakob_poeltl,Jakob Poeltl,奥地利,2.16,2016,5,College,中锋,111.1 公斤,圣安东尼奥,马刺,西部,西南分区
aleksej_pokusevski,Aleksej Pokusevski,塞尔维亚,2.13,2020,1,International,前锋,86.2 公斤,俄克拉荷马城,雷霆,西部,西北分区
yves_pons,Yves Pons,法国,1米96,2021,0,College,前锋,"93,4 公斤",孟菲斯,灰熊,西部,西南分区
jordan_poole,Jordan Poole,美国,1米93,2019,2,College,后卫,"88,0 公斤",金州,勇士,西部,太平洋分区
kevin_porter_jr,Kevin Porter Jr.,美国,1.93,2019,2,College,后卫-前锋,92.1 公斤,休斯顿,火箭,西部,西南分区
michael_porter_jr,Michael Porter Jr.,美国,2米08,2018,2,College,前锋,"98,9 公斤",丹佛,掘金,西部,西北分区
otto_porter_jr,Otto Porter Jr.,美国,2米03,2013,8,College,前锋,"89,8 公斤",金州,勇士,西部,太平洋分区
bobby_portis,Bobby Portis,美国,2米08,2015,6,College,前锋,"113,4 公斤",密尔沃基,雄鹿,东部,中央分区
kristaps_porzingis,Kristaps Porzingis,拉脱维亚,2.21,2015,5,International,前锋-中锋,108.9 公斤,华盛顿,奇才,东部,东南分区
dwight_powell,Dwight Powell,加拿大,2米08,2014,7,College,前锋-中锋,"108,9 公斤",达拉斯,独行侠,西部,西南分区
myles_powell,Myles Powell,美国,1米88,2020,0,College,后卫,"88,5 公斤",费城,76人,东部,大西洋分区
norman_powell,Norman Powell,美国,1.90,2015,6,College,后卫,97.5 公斤,洛杉矶,快船,西部,太平洋分区
jason_preston,Jason Preston,美国,1.90,2021,0,College,后卫,82.1 公斤,洛杉矶,快船,西部,太平洋分区
joshua_primo,Joshua Primo,加拿大,1.93,2021,0,College,后卫,85.7 公斤,圣安东尼奥,马刺,西部,西南分区
taurean_prince,Taurean Prince,美国,1米98,2016,5,College,前锋,"98,9 公斤",明尼苏达,森林狼,西部,西北分区
payton_pritchard,Payton Pritchard,美国,1米85,2020,1,College,后卫,"88,5 公斤",波士顿,凯尔特人,东部,大西洋分区
trevelin_queen,Trevelin Queen,美国,1.98,2020,0,College,后卫,86.2 公斤,休斯顿,火箭,西部,西南分区
neemias_queta,Neemias Queta,葡萄牙,2.13,2021,0,College,中锋,112.5 公斤,萨克拉门托,国王,西部,太平洋分区
immanuel_quickley,Immanuel Quickley,美国,1.90,2020,1,College,后卫,86.2 公斤,纽约,尼克斯,东部,大西洋分区
julius_randle,Julius Randle,美国,2.03,2014,7,College,前锋-中锋,113.4 公斤,纽约,尼克斯,东部,大西洋分区
austin_reaves,Austin Reaves,美国,1.96,2021,0,College,后卫,89.4 公斤,洛杉矶,湖人,西部,太平洋分区
cameron_reddish,Cam Reddish,美国,2.03,2019,2,College,前锋-后卫,98.4 公斤,纽约,尼克斯,东部,大西洋分区
davon_reed,Davon Reed,美国,1米96,2017,2,College,后卫,"93,4 公斤",丹佛,掘金,西部,西北分区
paul_reed,Paul Reed,美国,2米06,2020,1,College,前锋,"95,3 公斤",费城,76人,东部,大西洋分区
naz_reid,Naz Reid,美国,2米06,2019,2,College,中锋-前锋,"119,7 公斤",明尼苏达,森林狼,西部,西北分区
nick_richards,Nick Richards,牙买加,2.13,2020,1,College,中锋,111.1 公斤,夏洛特,黄蜂,东部,东南分区
josh_richardson,Josh Richardson,美国,1.96,2015,6,College,后卫,90.7 公斤,圣安东尼奥,马刺,西部,西南分区
austin_rivers,Austin Rivers,美国,1米93,2012,9,College,后卫,"90,7 公斤",丹佛,掘金,西部,西北分区
duncan_robinson,Duncan Robinson,美国,2米01,2018,3,College,前锋,"97,5 公斤",迈阿密,热火,东部,东南分区
mitchell_robinson,Mitchell Robinson,美国,2.13,2018,3,College,中锋-前锋,108.9 公斤,纽约,尼克斯,东部,大西洋分区
tmp_jeremiah_robinson-earl,Jeremiah Robinson-Earl,美国,2.03,2021,0,College,前锋,109.8 公斤,俄克拉荷马城,雷霆,西部,西北分区
roby_isaiah,Isaiah Roby,美国,2.03,2019,2,College,前锋,104.3 公斤,俄克拉荷马城,雷霆,西部,西北分区
rajon_rondo,Rajon Rondo,美国,1.85,2006,15,College,后卫,81.6 公斤,克利夫兰,骑士,东部,中央分区
derrick_rose,Derrick Rose,美国,1.88,2008,12,College,后卫,90.7 公斤,纽约,尼克斯,东部,大西洋分区
terrence_ross,Terrence Ross,美国,1.98,2012,9,College,后卫-前锋,93.4 公斤,奥兰多,魔术,东部,东南分区
terry_rozier,Terry Rozier,美国,1.85,2015,6,College,后卫,86.2 公斤,夏洛特,黄蜂,东部,东南分区
ricky_rubio,Ricky Rubio,西班牙,1.88,2009,10,International,后卫,86.2 公斤,印第安纳,步行者,东部,中央分区
d'angelo_russell,D 'Angelo Russell,美国,1米93,2015,6,College,后卫,"87,5 公斤",明尼苏达,森林狼,西部,西北分区
matt_ryan,Matt Ryan,美国,2米01,2020,0,College,前锋,"97,5 公斤",波士顿,凯尔特人,东部,大西洋分区
domantas_sabonis,Domantas Sabonis,立陶宛,2.11,2016,5,College,前锋-中锋,108.9 公斤,萨克拉门托,国王,西部,太平洋分区
dario_saric,Dario Saric,克罗地亚,2米08,2014,5,International,前锋-中锋,"102,1 公斤",菲尼克斯,太阳,西部,太平洋分区
tomas_satoransky,Tomas Satoransky,捷克共和国,2.01,2012,5,International,后卫,95.3 公斤,华盛顿,奇才,东部,东南分区
jordan_schakel,Jordan Schakel,美国,1.98,2021,0,College,后卫,90.7 公斤,华盛顿,奇才,东部,东南分区
admiral_schofield,Admiral Schofield,英国,1.96,2019,1,College,前锋,109.3 公斤,奥兰多,魔术,东部,东南分区
dennis_schroder,Dennis Schroder,德国,1.85,2013,8,International,后卫,78.0 公斤,休斯顿,火箭,西部,西南分区
jay_scrubb,Jay Scrubb,美国,1.96,2020,1,College,后卫,99.8 公斤,洛杉矶,快船,西部,太平洋分区
alperen_sengun,Alperen Sengun,土耳其,2.08,2021,0,International,中锋,110.2 公斤,休斯顿,火箭,西部,西南分区
collin_sexton,Collin Sexton,美国,1.85,2018,3,College,后卫,86.2 公斤,克利夫兰,骑士,东部,中央分区
landry_shamet,Landry Shamet,美国,1米93,2018,3,College,后卫,"86,2 公斤",菲尼克斯,太阳,西部,太平洋分区
dayron_sharpe,Day'Ron Sharpe,美国,2米06,2021,0,College,前锋,"120,2 公斤",布鲁克林,篮网,东部,大西洋分区
pascal_siakam,Pascal Siakam,喀麦隆,2米03,2016,5,College,前锋,"104,3 公斤",多伦多,猛龙,东部,大西洋分区
ben_simmons,Ben Simmons,澳洲,2米11,2016,4,College,后卫-前锋,"108,9 公斤",布鲁克林,篮网,东部,大西洋分区
marko_simonovic,Marko Simonovic,黑山,2米11,2020,0,International,中锋,"99,8 公斤",芝加哥,公牛,东部,中央分区
anfernee_simons,Anfernee Simons,美国,1.90,2018,3,High School,后卫,82.1 公斤,波特兰,开拓者,西部,西北分区
jericho_sims,Jericho Sims,美国,2.06,2021,0,College,中锋,113.4 公斤,纽约,尼克斯,东部,大西洋分区
javonte_smart,Javonte Smart,美国,1米93,2021,0,College,后卫,"93,0 公斤",迈阿密,热火,东部,东南分区
marcus_smart,Marcus Smart,美国,1米93,2014,7,College,后卫,"99,8 公斤",波士顿,凯尔特人,东部,大西洋分区
ish_smith,Ish Smith,美国,1.83,2010,11,College,后卫,79.4 公斤,华盛顿,奇才,东部,东南分区
jalen_smith,Jalen Smith,美国,2.08,2020,1,College,前锋-中锋,97.5 公斤,印第安纳,步行者,东部,中央分区
xavier_sneed,Xavier Sneed,美国,1米96,2020,0,College,前锋,"97,5 公斤",犹他,爵士,西部,西北分区
tony_snell,Tony Snell,美国,1米98,2013,8,College,后卫,"96,6 公斤",新奥尔良,鹈鹕,西部,西南分区
jaden_springer,Jaden Springer,美国,1米93,2021,0,College,后卫,"91,6 公斤",费城,76人,东部,大西洋分区
nik_stauskas,Nik Stauskas,加拿大,1米98,2014,5,College,后卫,"93,9 公斤",波士顿,凯尔特人,东部,大西洋分区
lance_stephenson,Lance Stephenson,美国,1.96,2010,9,College,前锋,95.3 公斤,印第安纳,步行者,东部,中央分区
lamar_stevens,Lamar Stevens,美国,1.98,2020,1,College,前锋,104.3 公斤,克利夫兰,骑士,东部,中央分区
dj_stewart_jr,DJ Stewart,美国,1.96,2021,0,College,后卫,93.0 公斤,圣安东尼奥,马刺,西部,西南分区
isaiah_stewart,Isaiah Stewart,美国,2.03,2020,1,College,前锋-中锋,113.4 公斤,底特律,活塞,东部,中央分区
max_strus,Max Strus,美国,1米96,2019,2,College,后卫-前锋,"97,5 公斤",迈阿密,热火,东部,东南分区
jalen_suggs,Jalen Suggs,美国,1.96,2021,0,College,后卫,93.0 公斤,奥兰多,魔术,东部,东南分区
jaesean_tate,Jae'Sean Tate,美国,1.93,2018,1,College,前锋,104.3 公斤,休斯顿,火箭,西部,西南分区
jayson_tatum,Jayson Tatum,美国,2米03,2017,4,College,前锋-后卫,"95,3 公斤",波士顿,凯尔特人,东部,大西洋分区
terry_taylor,Terry Taylor,美国,1.96,2021,0,College,前锋,104.3 公斤,印第安纳,步行者,东部,中央分区
garrett_temple,Garrett Temple,美国,1米96,2009,11,College,后卫-前锋,"88,5 公斤",新奥尔良,鹈鹕,西部,西南分区
tyrell_terry,Tyrell Terry,美国,1米88,2020,1,College,后卫,"72,6 公斤",孟菲斯,灰熊,西部,西南分区
daniel_theis,Daniel Theis,德国,2米06,2013,4,International,前锋-中锋,"111,1 公斤",波士顿,凯尔特人,东部,大西洋分区
brodric_thomas,Brodric Thomas,美国,1米96,2020,1,College,后卫,"83,9 公斤",波士顿,凯尔特人,东部,大西洋分区
cam_thomas,Cam Thomas,日本,1米90,2021,0,College,后卫,"95,3 公斤",布鲁克林,篮网,东部,大西洋分区
isaiah_thomas,Isaiah Thomas,美国,1.75,2011,10,College,后卫,83.9 公斤,夏洛特,黄蜂,东部,东南分区
matt_thomas,Matt Thomas,美国,1米90,2017,2,College,后卫,"86,2 公斤",芝加哥,公牛,东部,中央分区
klay_thompson,Klay Thompson,美国,1米98,2011,8,College,后卫,"99,8 公斤",金州,勇士,西部,太平洋分区
tristan_thompson,Tristan Thompson,加拿大,2米06,2011,10,College,中锋-前锋,"115,2 公斤",芝加哥,公牛,东部,中央分区
jt_thor,JT Thor,美国,2.06,2021,0,College,前锋,92.1 公斤,夏洛特,黄蜂,东部,东南分区
matisse_thybulle,Matisse Thybulle,美国,1米96,2019,2,College,后卫-前锋,"91,2 公斤",费城,76人,东部,大西洋分区
killian_tillie,Killian Tillie,法国,2米06,2020,1,College,前锋-中锋,"99,8 公斤",孟菲斯,灰熊,西部,西南分区
xavier_tillman,Xavier Tillman,美国,2米03,2020,1,College,前锋,"111,1 公斤",孟菲斯,灰熊,西部,西南分区
isaiah_todd,Isaiah Todd,美国,2.06,2021,0,International,前锋,99.3 公斤,华盛顿,奇才,东部,东南分区
obi_toppin,Obi Toppin,美国,2.06,2020,1,College,前锋,99.8 公斤,纽约,尼克斯,东部,大西洋分区
juan_toscano-anderson,Juan Toscano-Anderson,美国,1米98,2015,2,College,前锋,"94,8 公斤",金州,勇士,西部,太平洋分区
karl-anthony_towns,Karl Anthony Towns,美国,2米11,2015,6,College,中锋-前锋,"112,5 公斤",明尼苏达,森林狼,西部,西北分区
gary_trent_jr,Gary Trent Jr.,美国,1米96,2018,3,College,后卫-前锋,"94,8 公斤",多伦多,猛龙,东部,大西洋分区
pj_tucker,P.J. Tucker,美国,1米96,2006,10,College,前锋,"111,1 公斤",迈阿密,热火,东部,东南分区
rayjon_tucker,Rayjon Tucker,美国,1米90,2019,2,College,后卫,"94,8 公斤",密尔沃基,雄鹿,东部,中央分区
myles_turner,Myles Turner,美国,2.11,2015,6,College,中锋-前锋,113.4 公斤,印第安纳,步行者,东部,中央分区
jonas_valanciunas,Jonas Valanciunas,立陶宛,2米11,2011,9,International,中锋,"120,2 公斤",新奥尔良,鹈鹕,西部,西南分区
fred_vanvleet,Fred VanVleet,美国,1米85,2016,5,College,后卫,"89,4 公斤",多伦多,猛龙,东部,大西洋分区
jarred_vanderbilt,Jarred Vanderbilt,美国,2米06,2018,3,College,前锋,"97,1 公斤",明尼苏达,森林狼,西部,西北分区
devin_vassell,Devin Vassell,美国,1.96,2020,1,College,后卫-前锋,90.7 公斤,圣安东尼奥,马刺,西部,西南分区
luca_vildoza,Luca Vildoza,阿根廷,1米90,2017,0,International,后卫,"86,2 公斤",密尔沃基,雄鹿,东部,中央分区
gabe_vincent,Gabe Vincent,美国,1米90,2018,2,College,后卫,"90,7 公斤",迈阿密,热火,东部,东南分区
nikola_vucevic,Nikola Vucevic,黑山,2米08,2011,10,College,中锋,"117,9 公斤",芝加哥,公牛,东部,中央分区
dean_wade,Dean Wade,美国,2.06,2019,2,College,前锋-中锋,103.4 公斤,克利夫兰,骑士,东部,中央分区
franz_wagner,Franz Wagner,德国,2.08,2021,0,College,前锋,99.8 公斤,奥兰多,魔术,东部,东南分区
moritz_wagner,Moritz Wagner,德国,2.11,2018,3,College,前锋-中锋,111.1 公斤,奥兰多,魔术,东部,东南分区
ish_wainwright,Ish Wainright,美国,1米96,2018,0,College,前锋,"113,4 公斤",菲尼克斯,太阳,西部,太平洋分区
kemba_walker,Kemba Walker,美国,1.83,2011,10,College,后卫,83.5 公斤,纽约,尼克斯,东部,大西洋分区
lonnie_walker,Lonnie Walker IV,美国,1.93,2018,3,College,后卫-前锋,92.5 公斤,圣安东尼奥,马刺,西部,西南分区
john_wall,John Wall,美国,1.90,2010,10,College,后卫,95.3 公斤,休斯顿,火箭,西部,西南分区
tj_warren,T.J. Warren,美国,2.03,2014,7,College,前锋,99.8 公斤,印第安纳,步行者,东部,中央分区
pj_washington,P.J. Washington,美国,2.01,2019,2,College,前锋,104.3 公斤,夏洛特,黄蜂,东部,东南分区
duane_washington_jr,Duane Washington Jr.,德国,1.90,2021,0,College,后卫,89.4 公斤,印第安纳,步行者,东部,中央分区
yuta_watanabe,Yuta Watanabe,日本,2米06,2018,3,College,后卫-前锋,"97,5 公斤",多伦多,猛龙,东部,大西洋分区
lindy_waters_iii,Lindy Waters III,美国,1.98,2021,0,College,前锋,97.5 公斤,俄克拉荷马城,雷霆,西部,西北分区
trendon_watford,Trendon Watford,美国,2.03,2021,0,College,前锋,107.5 公斤,波特兰,开拓者,西部,西北分区
quinndary_weatherspoon,Quinndary Weatherspoon,美国,1米90,2019,2,College,后卫,"93,0 公斤",金州,勇士,西部,太平洋分区
russell_westbrook,Russell Westbrook,美国,1.90,2008,13,College,后卫,90.7 公斤,洛杉矶,湖人,西部,太平洋分区
coby_white,Coby White,美国,1米93,2019,2,College,后卫,"88,5 公斤",芝加哥,公牛,东部,中央分区
derrick_white,Derrick White,美国,1米93,2017,4,College,后卫,"86,2 公斤",波士顿,凯尔特人,东部,大西洋分区
hassan_whiteside,Hassan Whiteside,美国,2米13,2010,9,College,中锋,"120,2 公斤",犹他,爵士,西部,西北分区
joe_wieskamp,Joe Wieskamp,美国,1.98,2021,0,College,后卫-前锋,93.0 公斤,圣安东尼奥,马刺,西部,西南分区
aaron_wiggins,Aaron Wiggins,美国,1.93,2021,0,College,后卫,86.2 公斤,俄克拉荷马城,雷霆,西部,西北分区
andrew_wiggins,Andrew Wiggins,加拿大,2米01,2014,7,College,前锋,"89,4 公斤",金州,勇士,西部,太平洋分区
lindell_wigginton,Lindell Wigginton,加拿大,1米85,2019,0,College,后卫,"85,7 公斤",密尔沃基,雄鹿,东部,中央分区
tmp_brandon_williams,Brandon Williams,美国,1.88,2021,0,College,后卫,86.2 公斤,波特兰,开拓者,西部,西北分区
grant_williams,Grant Williams,美国,1米98,2019,2,College,前锋,"107,0 公斤",波士顿,凯尔特人,东部,大西洋分区
kenrich_williams,Kenrich Williams,美国,1.98,2018,3,College,后卫-前锋,95.3 公斤,俄克拉荷马城,雷霆,西部,西北分区
lou_williams,Lou Williams,美国,1米88,2005,16,High School,后卫,"79,4 公斤",亚特兰大,老鹰,东部,东南分区
patrick_williams,Patrick Williams,美国,2米01,2020,1,College,前锋,"97,5 公斤",芝加哥,公牛,东部,中央分区
ziaire_williams,Ziaire Williams,美国,2米06,2021,0,College,前锋,"83,9 公斤",孟菲斯,灰熊,西部,西南分区
robert_williams,Robert Williams III,美国,2米06,2018,3,College,中锋-前锋,"107,5 公斤",波士顿,凯尔特人,东部,大西洋分区
zion_williamson,Zion Williamson,美国,1米98,2019,2,College,前锋,"128,8 公斤",新奥尔良,鹈鹕,西部,西南分区
dylan_windler,Dylan Windler,美国,1.98,2019,1,College,后卫-前锋,88.9 公斤,克利夫兰,骑士,东部,中央分区
justise_winslow,Justise Winslow,美国,1.98,2015,6,College,前锋-后卫,100.7 公斤,波特兰,开拓者,西部,西北分区
cassius_winston,Cassius Winston,美国,1.85,2020,1,College,后卫,83.9 公斤,华盛顿,奇才,东部,东南分区
james_wiseman,James Wiseman,美国,2米13,2020,1,College,中锋,"108,9 公斤",金州,勇士,西部,太平洋分区
christian_wood,Christian Wood,美国,2.06,2015,5,College,前锋,97.1 公斤,休斯顿,火箭,西部,西南分区
robert_woodard_ii,Robert Woodard II,美国,1.98,2020,1,College,前锋,106.6 公斤,圣安东尼奥,马刺,西部,西南分区
delon_wright,Delon Wright,美国,1米96,2015,6,College,后卫,"83,9 公斤",亚特兰大,老鹰,东部,东南分区
moses_wright,Moses Wright,美国,2米03,2021,0,College,前锋,"102,5 公斤",达拉斯,独行侠,西部,西南分区
mckinley_wright_iv,McKinley Wright IV,美国,1米80,2021,0,College,后卫,"87,1 公斤",明尼苏达,森林狼,西部,西北分区
gabe_york,Gabe York,美国,1.90,0,0,College,后卫,86.2 公斤,印第安纳,步行者,东部,中央分区
thaddeus_young,Thaddeus Young,美国,2米03,2007,14,College,前锋,"106,6 公斤",多伦多,猛龙,东部,大西洋分区
trae_young,Trae Young,美国,1米85,2018,3,College,后卫,"74,4 公斤",亚特兰大,老鹰,东部,东南分区
tmp_omer_yurtseven,Omer Yurtseven,土耳其,2米11,2020,0,College,中锋,"124,7 公斤",迈阿密,热火,东部,东南分区
ivica_zubac,Ivica Zubac,克罗地亚,2.13,2016,5,International,中锋,108.9 公斤,洛杉矶,快船,西部,太平洋分区
