球员,球员(中),场均得分,排名,场均助攻,排名,场均篮板,排名,投篮命中率,排名,三分命中率,排名,罚球命中率,排名,场均盖帽,排名,场均抢断,排名,本赛季薪金
steven_adams,史蒂文 亚当斯,0,-,1.3,-,1.7,-,0%,-,0%,-,0%,-,0,-,0,-,2753
de'anthony_melton,丹东尼 梅尔顿,2.2,-,1.2,-,1.8,-,16.70%,-,14.30%,-,50.00%,-,0,-,0.5,-,957
kyle_anderson,凯尔 安德森,5.2,-,1.6,-,4.8,-,58.80%,-,0%,-,85.70%,-,0.4,-,1,-,950
ja_morant,贾 莫兰特,22.4,-,10.4,-,8.8,-,40.20%,-,26.70%,-,70.40%,-,0.6,-,1.4,-,916
tyus_jones,泰厄斯 琼斯,9.2,-,4.2,-,3.4,-,46.90%,-,57.10%,-,88.90%,-,0,-,1.2,-,800
jaren_jackson,小贾伦 杰克逊,10.6,-,0.4,-,5.8,-,39.10%,-,31.80%,-,66.70%,-,2.8,-,0.6,-,726
jarrett_culver,贾勒特 卡尔弗,2,-,1,-,3,-,50.00%,-,0%,-,0%,-,0,-,2,-,610
ziaire_williams,宰伊尔 威廉姆斯,5.6,-,0.2,-,0.2,-,42.10%,-,25.00%,-,90.00%,-,0,-,0.4,-,437
brandon_clarke,布兰登 克拉克,16.4,-,2.2,-,8.6,-,70.20%,-,0%,-,59.30%,-,0.6,-,1,-,260
john_konchar,约翰 康查尔,0,-,0.3,-,1,-,0%,-,0%,-,0%,-,0,-,0,-,210
santi_aldama,桑迪 阿尔达马,0,-,0,-,0,-,0,-,0,-,0,-,0,-,0,-,199
dillon_brooks,狄龙 布鲁克斯,15.2,-,2.4,-,2.4,-,35.10%,-,27.60%,-,66.70%,-,0.2,-,0.8,-,162
xavier_tillman,泽维尔 蒂尔曼,5.5,-,0.2,-,4,-,76.90%,-,0%,-,40.00%,-,0,-,0.25,-,130
yves_pons,伊夫 庞斯,0,-,0,-,0,-,0,-,0,-,0,-,0,-,0,-,93
killian_tillie,基利安 蒂利,0,-,0,-,0,-,0,-,0,-,0,-,0,-,0,-,46
desmond_bane,德斯蒙德 贝恩,23.6,-,2.4,-,3.8,-,47.60%,-,46.80%,-,90.00%,-,1.2,-,0.8,-,0
tyrell_terry,泰雷尔 特里,0,-,0,-,0,-,0,-,0,-,0,-,0,-,0,-,0
tim_hardaway,小蒂姆 哈达威,0,-,0,-,0,-,0,-,0,-,0,-,0,-,0,-,2130
spencer_dinwiddie,斯潘塞 丁威迪,15.3,-,4.3,-,3.3,-,36.10%,-,29.40%,-,73.30%,-,0.17,-,1.17,-,1714
davis_bertans,戴维斯 贝尔坦斯,3.3,-,0.2,-,1.3,-,35.70%,-,35.70%,-,83.30%,-,0.17,-,0.33,-,1500
dwight_powell,德怀特 鲍威尔,4.2,-,0.5,-,3.7,-,55.60%,-,0%,-,62.50%,-,0.5,-,0.17,-,1018
luka_doncic,卢卡 东契奇,29,-,5.7,-,10.7,-,46.90%,-,36.70%,-,80.00%,-,1,-,1.33,-,1017
reggie_bullock,雷吉 布洛克,10.7,-,2.2,-,6,-,44.70%,-,40.50%,-,100%,-,0.17,-,1.5,-,954
maxi_kleber,马克西 克勒贝尔,10.3,-,1.3,-,5,-,54.10%,-,51.60%,-,75.00%,-,0.17,-,0,-,843
dorian_finney-smith,多里安 芬尼 史密斯,13.2,-,2.8,-,6.3,-,45.90%,-,39.50%,-,100%,-,0.67,-,1.17,-,400
boban_marjanovic,博班 马里亚诺维奇,0,-,0,-,1,-,0%,-,0%,-,0%,-,0,-,0,-,350
sterling_brown,斯特林 布朗,2,-,0,-,0,-,0%,-,0%,-,100%,-,0,-,0,-,300
trey_burke,特雷 伯克,3.3,-,0,-,0.7,-,37.50%,-,33.30%,-,100%,-,0,-,0,-,300
josh_green,约什 格林,3,-,1.2,-,1,-,26.10%,-,21.10%,-,33.30%,-,0,-,0.67,-,282
jalen_brunson,杰伦 布伦森,27.8,-,4,-,4.8,-,48.40%,-,36.40%,-,84.60%,-,0,-,0.83,-,166
moses_wright,摩西 赖特,0,-,0,-,0,-,0,-,0,-,0,-,0,-,0,-,0
theo_pinson,西奥 平森,0,-,0,-,0,-,0,-,0,-,0,-,0,-,0,-,0
marquese_chriss,马基斯 克里斯,2,-,0,-,2,-,50.00%,-,0%,-,0%,-,0,-,0,-,0
frank_ntilikina,弗朗克 尼利基纳,0,-,0,-,0,-,0,-,0,-,0,-,0,-,0,-,0
dejounte_murray,德章泰 默里,21.1,18,9.2,3,8.3,24,46.20%,49,32.70%,116,79.40%,61,0.3,105,2,1,1429
doug_mcdermott,道格 麦克德莫特,11.2,-,1.2,-,2.3,-,45.90%,-,42.20%,6,78.00%,-,0.12,-,0.28,-,1375
josh_richardson,约什 理查德森,10.2,-,1.8,-,2.9,-,43.80%,-,41.50%,-,88.90%,-,0.45,-,0.86,-,1162
jakob_poeltl,雅各布 珀尔特尔,13.5,70,2.8,69,9.3,15,61.80%,5,100%,-,49.50%,-,1.7,5,0.7,105,810
zach_collins,扎克 科林斯,7.8,-,2.2,-,5.5,-,49.00%,-,34.10%,-,80.00%,-,0.79,-,0.5,-,700
devin_vassell,德文 瓦塞尔,12.3,77,1.9,116,4.3,96,42.70%,81,36.10%,80,83.80%,-,0.6,49,1.1,31,403
joshua_primo,约什 普里莫,5.8,-,1.7,-,2.3,-,37.40%,-,30.60%,-,74.60%,-,0.39,-,0.35,-,394
romeo_langford,罗密欧 兰福德,4.5,-,0.4,-,2.2,-,43.50%,-,34.10%,-,54.80%,-,0.33,-,0.46,-,363
lonnie_walker,朗尼 沃克,12.1,78,2.2,96,2.6,169,40.70%,95,31.40%,125,78.40%,-,0.3,105,0.6,135,289
keldon_johnson,凯尔登 约翰逊,17,44,2.1,100,6.1,42,46.60%,46,39.80%,22,75.60%,75,0.2,145,0.8,85,204
jock_landale,乔克 兰代尔,4.9,-,0.8,-,2.6,-,49.50%,-,32.60%,-,82.90%,-,0.26,-,0.17,-,93
tre_jones,特雷 琼斯,6,185,3.4,53,2.3,184,49.80%,-,20.00%,-,78.00%,-,0.1,185,0.6,135,90
keita_bates-diop,凯塔 贝茨 迪奥普,5.7,191,0.7,195,3.9,114,51.70%,-,30.90%,-,75.40%,-,0.2,145,0.5,163,0
robert_woodard,罗伯特 伍达德,0.6,-,0.2,-,0.9,-,12.50%,-,25.00%,-,100%,-,0.08,-,0.08,-,0
joe_wieskamp,乔 威斯坎普,2.1,-,0.3,-,0.5,-,35.70%,-,32.60%,-,53.80%,-,0.1,-,0.14,-,0
d.j._stewart,DJ 斯图尔特,0,-,0,-,0,-,0.00%,-,0.00%,-,0.00%,-,0,-,0,-,0
devontae_cacok,德文泰 卡考克,3.1,-,0.4,-,2.8,-,67.70%,-,0%,-,57.10%,-,0.47,-,0.53,-,0
john_wall,约翰 沃尔,0,-,0,-,0,-,0.00%,-,0.00%,-,0.00%,-,0,-,0,-,4385
eric_gordon,埃里克 戈登,13.4,-,2.7,-,2,-,47.50%,-,41.20%,8,77.80%,-,0.32,-,0.49,-,1686
christian_wood,克里斯蒂安 伍德,17.9,34,2.3,92,10.1,10,50.10%,23,39.00%,32,62.30%,100,1,20,0.8,85,1330
jalen_green,杰伦 格林,17.3,39,2.6,79,3.4,133,42.60%,82,34.30%,102,79.70%,59,0.3,105,0.7,105,899
dennis_schroder,丹尼斯 施罗德,13.5,-,4.6,-,3.3,-,43.20%,-,34.40%,-,85.30%,-,0.11,-,0.86,-,589
david_nwaba,大卫 努瓦巴,5.1,-,0.8,-,3.3,-,48.30%,-,30.60%,-,71.60%,-,0.43,-,0.61,-,465
alperen_sengun,阿尔佩伦 申京,9.6,116,2.6,79,5.5,55,47.40%,-,24.80%,-,71.10%,89,0.9,25,0.8,85,321
usman_garuba,乌斯曼 加鲁巴,2,-,0.7,-,3.5,-,43.20%,-,25.00%,-,71.40%,-,0.46,-,0.42,-,235
josh_christopher,约什 克里斯托弗,7.9,157,2,109,2.5,175,44.80%,-,29.60%,-,73.50%,-,0.2,145,0.9,64,226
kevin_porter,小凯文 波特,15.6,52,6.2,14,4.4,92,41.50%,88,37.50%,59,64.20%,-,0.4,82,1.1,31,203
bruno_fernando,布鲁诺 费尔南多,2.9,-,0.2,-,1.8,-,65.50%,-,50.00%,-,62.50%,-,0.37,-,0.03,-,151
jae'sean_tate,杰肖恩 泰特,11.8,84,2.8,69,5.4,57,49.80%,26,31.20%,-,70.70%,91,0.5,66,0.9,64,145
daishen_nix,戴申 尼克斯,3.2,-,1.7,-,1.4,-,40.30%,-,26.90%,-,53.30%,-,0,-,0.58,-,93
kj_martin,小肯扬 马丁,8.8,135,1.3,147,3.8,119,53.40%,-,35.90%,-,63.40%,-,0.5,66,0.4,182,90
garrison_mathews,加里森 马修斯,10,111,1,177,2.9,158,39.90%,-,36.00%,81,79.40%,61,0.4,82,0.9,64,0
anthony_lamb,安东尼 兰姆,0,-,1,-,0.5,-,0%,-,0%,-,0%,-,0,-,0,-,0
trevelin_queen,特雷夫林 奎因,4.3,-,0.4,-,1.6,-,45.50%,-,37.50%,-,100%,-,0.1,-,0.5,-,0
cj_mccollum,CJ 麦科勒姆,22.2,-,5,-,6.7,-,39.20%,-,33.30%,-,69.20%,-,0.83,-,0.67,-,3086
brandon_ingram,布兰登 英格拉姆,27,-,6,-,6.2,-,47.50%,-,40.70%,-,83.00%,-,0.33,-,0.67,-,2785
jonas_valanciunas,约纳斯 瓦兰丘纳斯,14.5,-,3,-,14.3,-,48.50%,-,16.70%,-,76.90%,-,0.17,-,0.67,-,1500
larry_nance,小拉里 南斯,9.2,-,1.8,-,5.8,-,56.40%,-,22.20%,-,81.80%,-,0.33,-,0.5,-,1170
devonte'_graham,德文特 格雷厄姆,4,-,0.7,-,1.5,-,33.30%,-,35.70%,-,87.50%,-,0.17,-,0.17,-,1100
zion_williamson,蔡恩 威廉森,0,-,0,-,0,-,0.00%,-,0.00%,-,0.00%,-,0,-,0,-,1024
jaxson_hayes,贾克森 海斯,5.8,-,0.2,-,2.5,-,56.00%,-,0%,-,63.60%,-,0.33,-,0,-,510
garrett_temple,加莱特 坦普尔,0,-,0,-,1,-,0%,-,0%,-,0%,-,0,-,0,-,491
kira_lewis,小凯拉 刘易斯,0,-,0,-,0,-,0,-,0,-,0,-,0,-,0,-,364
trey_murphy,特雷 墨菲,5.2,-,0.5,-,2.5,-,40.90%,-,47.40%,-,80.00%,-,0.17,-,0.5,-,305
tony_snell,托尼 斯内尔,0,-,0,-,0,-,0,-,0,-,0,-,0,-,0,-,239
willy_hernangomez,威利 埃尔南戈麦斯,2,-,0,-,2,-,25.00%,-,0%,-,0%,-,0,-,0,-,233
herbert_jones,赫伯特 琼斯,10.7,-,1.8,-,3.3,-,47.70%,-,41.70%,-,77.30%,-,0.83,-,1.83,-,170
naji_marshall,纳吉 马绍尔,3,-,0.8,-,1,-,70.00%,-,0%,-,100%,-,0.17,-,0.17,-,152
jose_alvarado,约瑟 阿尔瓦拉多,8,-,1.5,-,1.3,-,48.50%,-,37.50%,-,76.90%,-,0.17,-,1.17,-,46
jared_harper,贾里德 哈珀,0,-,0,-,0,-,0,-,0,-,0,-,0,-,0,-,0
gary_clark,加里 克拉克,0,-,0,-,0,-,0,-,0,-,0,-,0,-,0,-,0
stephen_curry,斯蒂芬 库里,28,-,5.4,-,3.4,-,50.00%,-,40.40%,-,74.40%,-,0.4,-,1.6,-,4578
klay_thompson,克莱 汤普森,22.6,-,1.4,-,3.8,-,50.60%,-,45.80%,-,83.30%,-,0.8,-,1.2,-,3798
andrew_wiggins,安德鲁 威金斯,14,-,1.6,-,6.8,-,52.90%,-,53.80%,-,56.20%,-,0.8,-,0.8,-,2929
draymond_green,德雷蒙德 格林,9.6,-,7.4,-,5.4,-,52.90%,-,36.40%,-,66.70%,-,1.6,-,1.6,-,2220
james_wiseman,詹姆斯 怀斯曼,0,-,0,-,0,-,0.00%,-,0.00%,-,0.00%,-,0,-,0,-,873
jonathan_kuminga,乔纳森 库明加,3.5,-,0.2,-,0,-,62.50%,-,0%,-,57.10%,-,0.25,-,0.25,-,547
moses_moody,摩西 穆迪,0.5,-,0.5,-,0.5,-,0%,-,0%,-,50.00%,-,0,-,0.5,-,356
andre_iguodala,安德烈 伊格达拉,1.3,-,2.3,-,2.3,-,20.00%,-,0%,-,66.70%,-,0.67,-,0,-,264
otto_porter,奥托 波特,3.4,-,2.2,-,3.2,-,31.80%,-,15.40%,-,50.00%,-,0.4,-,0.6,-,239
jordan_poole,乔丹 普尔,21,-,5.4,-,2.4,-,54.80%,-,48.40%,-,84.60%,-,0.4,-,1.4,-,216
nemanja_bjelica,内马尼亚 别利察,5,-,1.2,-,1.8,-,53.30%,-,0%,-,57.10%,-,0.5,-,0.5,-,209
damion_lee,达米恩 李,3,-,0,-,1,-,50.00%,-,0%,-,100%,-,0,-,0,-,176
juan_toscano-anderson,托斯卡诺 安德森,3,-,0.5,-,1,-,100%,-,100%,-,50.00%,-,0,-,0.5,-,170
chris_chiozza,克里斯 奇奥萨,0,-,0,-,0,-,0,-,0,-,0,-,0,-,0,-,46
kevon_looney,凯文 卢尼,2.4,-,1,-,4.2,-,55.60%,-,0%,-,50.00%,-,0,-,0.2,-,0
gary_payton,加里 佩顿二世,6.8,-,1.2,-,2.8,-,70.60%,-,75.00%,-,66.70%,-,0.8,-,1,-,0
quinndary_weatherspoon,奎因达里 韦瑟斯庞,0,-,0,-,0,-,0,-,0,-,0,-,0,-,0,-,0
chris_paul,克里斯 保罗,22.3,-,11.3,-,4.3,-,56.70%,-,30.80%,-,96.00%,-,0.17,-,1.83,-,3080
devin_booker,德文 布克,23,-,4,-,3.7,-,50.00%,-,48.00%,-,87.50%,-,0,-,0.33,-,2943
deandre_ayton,德安德烈 艾顿,20.5,-,2.5,-,9.8,-,70.00%,-,50.00%,-,75.00%,-,1.17,-,0.67,-,1002
jae_crowder,杰 克劳德,7.5,-,2.5,-,3.7,-,33.30%,-,11.50%,-,66.70%,-,0.67,-,1.33,-,926
dario_saric,达里奥 沙里奇,0,-,0,-,0,-,0.00%,-,0.00%,-,0.00%,-,0,-,0,-,900
cameron_payne,卡梅伦 佩恩,5.7,-,1.2,-,1.2,-,31.00%,-,16.70%,-,83.30%,-,0.17,-,1.17,-,650
javale_mcgee,贾维尔 麦基,8.3,-,0.5,-,3.7,-,80.80%,-,0%,-,80.00%,-,0.17,-,0.17,-,500
torrey_craig,托里 克雷格,1.5,-,1,-,1.2,-,22.20%,-,25.00%,-,50.00%,-,0.25,-,0.75,-,488
mikal_bridges,米卡尔 布里奇斯,17.3,-,2.7,-,4.5,-,55.10%,-,53.30%,-,90.90%,-,1.5,-,0.83,-,436
cameron_johnson,卡梅伦 约翰逊,11,-,1.5,-,3.7,-,46.00%,-,35.70%,-,66.70%,-,0,-,0.5,-,423
elfrid_payton,埃尔弗里德 佩顿,2,-,1,-,0,-,100%,-,0%,-,0%,-,0,-,0,-,224
aaron_holiday,阿龙 霍勒迪,5,-,2,-,0.5,-,100%,-,100%,-,0%,-,0,-,0,-,224
landry_shamet,兰德里 沙梅特,4.6,-,1,-,1.4,-,39.10%,-,21.40%,-,66.70%,-,0,-,0.6,-,209
ish_wainright,伊什 韦恩莱特,0,-,0,-,1,-,0%,-,0%,-,0%,-,0,-,1,-,0
Iffe_lundberg,加布里埃尔 Lundberg,0,-,0,-,0,-,0%,-,0%,-,0%,-,0,-,0,-,0
bismack_biyombo,俾斯麦 比永博,0.5,-,0.5,-,1,-,33.30%,-,0%,-,0%,-,0,-,0,-,0
paul_george,保罗 乔治,24.5,-,5.7,-,6.9,-,41.80%,-,35.40%,91,85.80%,22,0.43,-,2.07,-,3934
kawhi_leonard,科怀 伦纳德,0,-,0,-,0,-,0.00%,-,0.00%,-,0.00%,-,0,-,0,-,3934
norman_powell,诺曼 鲍威尔,18.7,-,2.2,-,3.2,-,46.30%,-,42.40%,-,80.90%,-,0.48,-,0.93,-,1552
marcus_morris,马库斯 莫里斯,15.3,-,2.1,-,4.5,-,43.40%,77,36.70%,72,87.20%,14,0.34,-,0.49,-,1488
luke_kennard,卢克 肯纳德,11.9,82,2.1,100,3.3,139,44.90%,-,44.90%,1,89.30%,-,0.1,185,0.6,135,1273
robert_covington,罗伯特 科温顿,8.6,-,1.3,-,5.4,-,42.40%,-,38.30%,-,84.10%,-,1.27,-,1.43,-,1214
reggie_jackson,雷吉 杰克逊,16.8,45,4.8,27,3.6,126,39.20%,98,32.60%,117,84.70%,32,0.2,145,0.7,105,1038
ivica_zubac,伊维察 祖巴茨,10.3,105,1.6,131,8.5,20,62.60%,4,0%,-,72.70%,84,1,20,0.5,163,675
nicolas_batum,尼古拉斯 巴图姆,8.3,147,1.7,127,4.3,96,46.30%,-,40.00%,19,65.80%,-,0.7,39,1,49,317
rodney_hood,罗德尼 胡德,3.2,-,0.7,-,1.5,-,37.20%,-,33.30%,-,89.50%,-,0.12,-,0.29,-,224
terance_mann,特伦斯 曼,10.8,96,2.6,79,5.3,61,48.40%,33,36.70%,-,78.00%,67,0.3,105,0.7,105,152
jason_preston,杰森 普雷斯顿,0,-,0,-,0,-,0.00%,-,0.00%,-,0.00%,-,0,-,0,-,106
brandon_boston,小布兰登 波士顿,6.6,-,1,-,2.2,-,38.20%,-,29.50%,-,81.90%,-,0.26,-,0.52,-,93
jay_scrubb,杰伊 斯库布,2.7,-,0.4,-,0.8,-,39.10%,-,28.60%,-,70.00%,-,0.17,-,0.22,-,46
amir_coffey,阿米尔 科菲,9,130,1.8,121,2.9,158,45.30%,-,37.80%,54,86.30%,-,0.2,145,0.6,135,7
isaiah_hartenstein,以赛亚 哈尔滕施泰因,8.3,147,2.4,89,4.9,75,62.50%,-,46.70%,-,68.70%,-,1.1,14,0.7,105,0
xavier_moon,泽维尔 穆恩,5.8,-,2.4,-,1.4,-,49.00%,-,35.70%,-,60.00%,-,0.3,-,0.7,-,0
russell_westbrook,拉塞尔 威斯布鲁克,18.5,27,7.1,9,7.4,32,44.40%,65,29.80%,-,66.70%,96,0.3,105,1,49,4421
lebron_james,勒布朗 詹姆斯,30.3,-,6.2,-,8.2,-,52.40%,17,35.90%,84,75.60%,75,1.05,-,1.3,-,4118
anthony_davis,安东尼 戴维斯,23.2,-,3,-,9.8,-,53.20%,13,18.60%,-,71.30%,87,2.25,-,1.25,-,3536
talen_horton-tucker,塔伦 霍顿 塔克,10,111,2.7,74,3.2,143,41.60%,-,26.90%,-,80.00%,-,0.5,66,1,49,950
kendrick_nunn,肯德里克 纳恩,0,-,0,-,0,-,0.00%,-,0.00%,-,0.00%,-,0,-,0,-,500
wayne_ellington,韦恩 艾灵顿,6.7,-,0.7,-,1.8,-,41.40%,-,38.90%,35,81.80%,-,0.12,-,0.53,-,264
dwight_howard,德怀特 霍华德,6.2,181,0.6,198,5.9,44,61.20%,-,53.30%,-,65.80%,-,0.6,49,0.6,135,264
carmelo_anthony,卡梅罗 安东尼,13.3,72,1,177,4.2,102,44.10%,70,37.50%,59,83.00%,45,0.8,32,0.7,105,264
kent_bazemore,肯特 贝兹莫尔,3.4,-,0.9,-,1.7,-,32.40%,-,36.20%,-,76.50%,-,0.21,-,0.62,-,240
malik_monk,马利克 蒙克,13.8,67,2.9,65,3.4,133,47.30%,39,39.10%,30,79.50%,-,0.4,82,0.8,85,179
austin_reaves,奥斯汀 里夫斯,7.3,169,1.8,121,3.2,143,45.90%,-,31.50%,-,83.90%,-,0.3,105,0.5,163,46
stanley_johnson,斯坦利 约翰逊,6.7,-,1.7,-,3.2,-,46.60%,-,31.40%,-,71.60%,-,0.31,-,0.92,-,0
mac_mcclung,马克 麦克朗,4,-,0.5,-,1.5,-,50.00%,-,33.30%,-,100%,-,0.5,-,0.5,-,0
wenyen_gabriel,韦尼恩 加布里埃尔,5.4,-,0.5,-,3.8,-,49.10%,-,28.60%,-,59.50%,-,0.42,-,0.19,-,0
mason_jones,梅森 琼斯,6.8,-,1,-,2.5,-,46.70%,-,25.00%,-,80.00%,-,0,-,0.5,-,0
avery_bradley,埃弗里 布拉德利,6.4,178,0.8,194,2.2,187,42.30%,-,39.00%,32,88.90%,-,0.2,145,0.9,64,0
d.j._augustin,DJ 奥古斯丁,5.3,-,1.9,-,1.2,-,42.30%,-,41.50%,-,88.40%,-,0.02,-,0.31,-,0
de'aaron_fox,达龙 福克斯,23.2,14,5.6,18,3.9,114,47.30%,39,29.70%,-,75.00%,79,0.4,82,1.1,31,2810
harrison_barnes,哈里森 巴恩斯,16.4,46,2.4,89,5.6,53,46.90%,44,39.40%,26,82.60%,48,0.2,145,0.7,105,2049
domantas_sabonis,多曼塔斯 萨博尼斯,18.9,-,5.2,-,12.1,-,57.20%,-,31.00%,-,74.10%,-,0.44,-,0.95,-,1856
richaun_holmes,里乔恩 霍姆斯,10.4,-,1.1,-,7.1,-,65.90%,-,40.00%,-,77.80%,-,0.93,-,0.38,-,1038
jeremy_lamb,杰里米 兰姆,7.3,-,1.4,-,2.8,-,38.30%,-,32.40%,-,84.00%,-,0.39,-,0.54,-,1000
justin_holiday,贾斯廷 霍勒迪,10.1,-,1.7,-,2.6,-,39.40%,-,36.70%,-,80.60%,-,0.45,-,0.77,-,480
josh_jackson,约什 杰克逊,6.4,-,1.1,-,2.8,-,40.00%,-,25.40%,-,71.40%,-,0.43,-,0.51,-,477
davion_mitchell,戴维恩 米切尔,11.5,87,4.2,37,2.2,187,41.80%,84,31.60%,124,65.90%,-,0.3,105,0.7,105,460
maurice_harkless,莫里斯 哈克利斯,4.6,-,0.5,-,2.4,-,45.90%,-,30.70%,-,71.40%,-,0.51,-,0.62,-,435
terence_davis,特伦斯 戴维斯,10.4,-,1.3,-,3.1,-,42.30%,-,32.90%,-,81.80%,-,0.33,-,0.87,-,400
alex_len,亚历克斯 莱恩,6,-,1.2,-,4.1,-,53.40%,-,28.60%,-,65.10%,-,0.67,-,0.36,-,373
donte_divincenzo,唐特 迪温琴佐,9,-,2.8,-,4,-,35.10%,-,33.90%,-,84.30%,-,0.19,-,1.14,-,304
trey_lyles,特雷 莱尔斯,10.5,-,1.2,-,5.1,-,46.60%,-,32.10%,-,80.20%,-,0.43,-,0.37,-,250
damian_jones,达米安 琼斯,8.1,-,1.2,-,4.4,-,65.80%,-,34.50%,-,71.80%,-,0.84,-,0.46,-,198
chimezie_metu,奇梅齐耶 梅图,8.9,134,1,177,5.6,53,45.20%,-,30.60%,-,78.00%,-,0.5,66,0.9,64,176
neemias_queta,内米亚斯 克塔,3.2,-,0.4,-,2.2,-,44.70%,-,0%,-,64.70%,-,0.57,-,0.07,-,46
rudy_gobert,鲁迪 戈贝尔,12,-,0.5,-,13.2,-,63.60%,-,0%,-,68.20%,-,1,-,0.17,-,3534
donovan_mitchell,多诺万 米切尔,25.5,-,5.7,-,4.3,-,39.80%,-,20.80%,-,88.10%,-,0.5,-,0.67,-,2810
mike_conley,迈克 康利,9.2,-,4.8,-,3.2,-,33.30%,-,20.00%,-,80.00%,-,0.33,-,0.83,-,2100
bojan_bogdanovic,博扬 波格丹诺维奇,18,-,1.7,-,4.2,-,48.10%,-,33.30%,-,79.20%,-,0,-,0.33,-,1785
jordan_clarkson,乔丹 克拉克森,17.5,-,1.3,-,3.2,-,54.80%,-,37.50%,-,88.90%,-,0.17,-,0.5,-,1150
royce_o'neale,罗伊斯 奥尼尔,6.2,-,1.5,-,5.7,-,40.00%,-,28.00%,-,100%,-,0.17,-,0.5,-,850
juancho_hernangomez,胡安 埃尔南戈麦斯,2.3,-,0.8,-,2,-,27.80%,-,33.30%,-,0%,-,0,-,0.33,-,650
rudy_gay,鲁迪 盖伊,0,-,0,-,0,-,0,-,0,-,0,-,0,-,0,-,589
nickeil_alexander-walker,尼基尔 亚历山大 沃克,5,-,1,-,1,-,100%,-,0%,-,100%,-,0,-,1,-,311
hassan_whiteside,哈桑 怀特塞德,1.8,-,0,-,5.2,-,41.70%,-,0%,-,25.00%,-,1.33,-,0.33,-,240
udoka_azubuike,乌多卡 阿祖布伊克,0,-,0,-,0,-,0,-,0,-,0,-,0,-,0,-,198
eric_paschall,埃里克 帕斯卡尔,2,-,0,-,1.2,-,50.00%,-,50.00%,-,100%,-,0,-,0.25,-,152
jared_butler,贾里德 巴特勒,0,-,0,-,1,-,0%,-,0%,-,0%,-,0,-,0,-,93
trent_forrest,特伦特 弗雷斯特,0,-,0,-,0,-,0,-,0,-,0,-,0,-,0,-,46
xavier_sneed,泽维尔 斯尼德,0,-,0,-,0,-,0,-,0,-,0,-,0,-,0,-,0
danuel_house,丹纽尔 豪斯,4.3,-,0.7,-,2.8,-,40.90%,-,20.00%,-,75.00%,-,0.17,-,0,-,0
nikola_jokic,尼古拉 约基奇,31,-,5.8,-,13.2,-,57.50%,-,27.80%,-,84.80%,-,1,-,1.6,-,2954
jamal_murray,贾马尔 默里,0,-,0,-,0,-,0.00%,-,0.00%,-,0.00%,-,0,-,0,-,2729
aaron_gordon,阿龙 戈登,13.8,-,2.6,-,7.2,-,42.60%,-,20.00%,-,71.40%,-,1.2,-,0.4,-,1814
will_barton,威尔 巴顿,13.8,-,2.8,-,5.6,-,40.90%,-,39.30%,-,66.70%,-,0.2,-,0.8,-,1563
monte_morris,蒙特 莫里斯,14,-,5.4,-,2.2,-,49.00%,-,42.30%,-,75.00%,-,0,-,1.4,-,884
jamychal_green,杰迈克尔 格林,4,-,0.4,-,2.4,-,37.50%,-,20.00%,-,100%,-,0.2,-,0,-,829
jeff_green,杰夫 格林,3.8,-,0.4,-,3.6,-,35.30%,-,37.50%,-,80.00%,-,0.4,-,0.4,-,450
michael_porter,小迈克尔 波特,0,-,0,-,0,-,0,-,0,-,0,-,0,-,0,-,355
facundo_campazzo,法昆多 坎帕佐,0,-,0.5,-,0.8,-,0%,-,0%,-,0%,-,0,-,0,-,320
austin_rivers,奥斯汀 里弗斯,4.2,-,1.2,-,0.6,-,44.40%,-,33.30%,-,100%,-,0.2,-,1.4,-,240
zeke_nnaji,齐克 纳吉,1.5,-,0,-,0,-,100%,-,100%,-,0%,-,0,-,0,-,238
bryn_forbes,布林 福布斯,4,-,1.4,-,0.6,-,40.00%,-,36.40%,-,80.00%,-,0,-,0.2,-,234
bones_hyland,纳肖恩 海兰德,9.2,-,3.2,-,2,-,36.10%,-,34.80%,-,85.70%,-,0,-,0.2,-,210
vlatko_cancar,弗拉特科 钱查尔,2.5,-,0.5,-,1,-,66.70%,-,50.00%,-,0%,-,0,-,0,-,152
markus_howard,马库斯 霍华德,0,-,0,-,0,-,0,-,0,-,0,-,0,-,0,-,46
davon_reed,达文 里德,0,-,0,-,0,-,0,-,0,-,0,-,0,-,0,-,0
demarcus_cousins,德马库斯 考辛斯,10.6,-,1.2,-,3.4,-,65.50%,-,66.70%,-,73.30%,-,0.2,-,0.6,-,0
karl-anthony_towns,卡尔 安东尼 唐斯,22.6,-,1.8,-,11,-,54.10%,-,52.60%,-,90.20%,-,2.2,-,0.6,-,2947
d'angelo_russell,丹吉洛 拉塞尔,13,-,7.2,-,2.8,-,32.30%,-,39.30%,-,75.00%,-,0,-,1.2,-,2865
patrick_beverley,帕特里克 贝弗利,11.2,-,5.2,-,3,-,43.90%,-,33.30%,-,68.40%,-,1.4,-,1,-,1333
malik_beasley,马利克 比斯利,9.8,-,0.6,-,3.6,-,45.00%,-,36.40%,-,83.30%,-,0.2,-,0.2,-,1332
taurean_prince,托里恩 普林斯,6,-,1.2,-,1.6,-,37.00%,-,28.60%,-,85.70%,-,0.2,-,0.4,-,1225
anthony_edwards,安东尼 爱德华兹,24.2,-,2.6,-,4,-,46.50%,-,40.40%,-,84.60%,-,1,-,1,-,976
jake_layman,杰克 莱曼,0,-,0,-,0,-,0,-,0,-,0,-,0,-,0,-,376
josh_okogie,约什 奥科吉,0,-,0,-,0,-,0%,-,0%,-,0%,-,0,-,0,-,265
jaden_mcdaniels,杰登 麦克丹尼尔斯,6.4,-,0.8,-,2.6,-,40.00%,-,35.70%,-,87.50%,-,2,-,0.4,-,196
naz_reid,纳兹 里德,4.8,-,0,-,2.8,-,41.20%,-,42.90%,-,100%,-,1.2,-,0.2,-,152
jaylen_nowell,杰伦 诺埃尔,6,-,1,-,0,-,30.00%,-,0%,-,0%,-,0,-,1,-,152
mckinley_wright,麦金利 赖特四世,0,-,0,-,0,-,0,-,0,-,0,-,0,-,0,-,46
nathan_knight,纳坦 奈特,0,-,0,-,0,-,0,-,0,-,0,-,0,-,0,-,46
jordan_mclaughlin,乔丹 麦克劳克林,5.5,-,3.2,-,1.8,-,66.70%,-,66.70%,-,100%,-,0,-,1,-,0
jarred_vanderbilt,贾里德 范德比尔特,6.2,-,0.8,-,7.8,-,50.00%,-,0%,-,70.00%,-,0.2,-,1.2,-,0
leandro_bolmaro,莱安德罗 博尔马罗,0,-,0,-,0,-,0,-,0,-,0,-,0,-,0,-,0
greg_monroe,格雷格 门罗,0,-,0,-,0,-,0%,-,0%,-,0%,-,0,-,0,-,0
damian_lillard,达米安 利拉德,24,-,7.3,-,4.1,-,40.20%,-,32.40%,119,87.80%,11,0.38,-,0.59,-,3934
eric_bledsoe,埃里克 布莱索,10,-,4.2,-,3.4,-,42.10%,-,31.70%,-,75.70%,-,0.36,-,1.3,-,1688
jusuf_nurkic,优素福 努尔基奇,14.7,-,2.8,-,11.2,-,53.50%,11,25.90%,-,69.00%,93,0.6,-,1.13,-,1289
joe_ingles,乔 英格尔斯,7.2,-,3.5,-,2.9,-,40.40%,-,34.70%,-,77.30%,-,0.11,-,0.51,-,1243
josh_hart,约什 哈特,14.9,-,4.1,-,7.2,-,50.40%,-,34.30%,-,75.80%,-,0.24,-,1.13,-,1200
justise_winslow,贾斯蒂斯 温斯洛,5.7,-,1.8,-,4.2,-,42.80%,-,22.70%,-,59.10%,-,0.52,-,0.73,-,390
keon_johnson,基恩 约翰逊,7.2,-,2,-,2.2,-,35.40%,-,34.00%,-,80.40%,-,0.32,-,0.76,-,255
nassir_little,纳西尔 利特尔,9.8,-,1.3,-,5.6,-,46.00%,-,33.10%,-,73.40%,-,0.86,-,0.57,-,231
anfernee_simons,安芬尼 西蒙斯,17.3,-,3.9,-,2.6,-,44.30%,67,40.50%,16,88.80%,-,0.11,-,0.53,-,226
didi_louzada,马科斯 洛扎达 席尔瓦,3.9,-,0.6,-,1.9,-,36.40%,-,39.10%,-,100%,-,0.22,-,0.22,-,179
greg_brown,格雷格 布朗,4.7,-,0.7,-,2.8,-,42.90%,-,31.10%,-,67.70%,-,0.5,-,0.52,-,93
elijah_hughes,伊莱贾 休斯,3.5,-,0.6,-,1.6,-,32.60%,-,26.30%,-,77.80%,-,0.22,-,0.39,-,90
cj_elleby,CJ 艾勒比,5.8,189,1.5,134,3.9,114,39.10%,-,28.80%,-,71.40%,-,0.3,105,0.6,135,90
trendon_watford,特伦登 沃特福特,7.6,-,1.7,-,4.1,-,53.20%,-,23.70%,-,75.50%,-,0.58,-,0.54,-,46
keljin_blevins,凯尔金 布莱文斯,3.1,-,0.6,-,1.5,-,30.60%,-,29.20%,-,54.50%,-,0.03,-,0.42,-,0
brandon_williams,布兰登 威廉姆斯,12.9,-,3.9,-,3.1,-,37.20%,-,29.20%,-,70.10%,-,0.42,-,1,-,0
ben_mclemore,本 麦克勒摩,10.2,108,0.9,187,1.6,202,40.20%,-,36.20%,79,81.80%,-,0.2,145,0.6,135,0
derrick_favors,德里克 费沃斯,5.3,-,0.6,-,4.7,-,51.60%,-,12.50%,-,64.00%,-,0.33,-,0.44,-,926
josh_giddey,约什 吉迪,12.5,-,6.4,-,7.8,-,41.90%,-,26.30%,-,70.90%,-,0.37,-,0.94,-,599
shai_gilgeous-alexander,谢伊 吉尔杰斯 亚历山大,24.5,-,5.9,-,5,-,45.30%,57,30.00%,130,81.00%,56,0.8,-,1.27,-,550
mike_muscala,迈克 穆斯卡拉,8,-,0.5,-,3,-,45.60%,-,42.90%,-,84.20%,-,0.6,-,0.42,-,350
aleksej_pokusevski,阿列克谢 波库舍夫斯基,7.6,161,2.1,100,5.2,67,40.80%,-,28.90%,-,70.00%,-,0.6,49,0.6,135,296
tre_mann,特雷 曼,10.4,103,1.5,134,2.8,162,39.30%,-,36.00%,81,79.30%,-,0.2,145,0.8,85,290
darius_bazley,达里厄斯 贝兹利,10.8,96,1.4,143,6.3,40,42.30%,-,29.70%,-,68.80%,-,1,20,0.8,85,240
ty_jerome,泰 杰罗姆,7,-,2.3,-,1.6,-,37.80%,-,29.00%,-,80.00%,-,0.1,-,0.62,-,230
theo_maledon,泰奥 马勒东,7.1,-,2.2,-,2.6,-,37.50%,-,29.30%,-,79.00%,-,0.22,-,0.61,-,200
jeremiah_robinson-earl,杰里迈亚 罗宾逊 厄尔,7.5,-,1,-,5.6,-,41.40%,-,35.20%,-,74.10%,-,0.31,-,0.57,-,200
kenrich_williams,肯里奇 威廉姆斯,7.4,-,2.2,-,4.5,-,46.10%,-,33.90%,-,54.50%,-,0.2,-,0.9,-,200
luguentz_dort,吕冈茨 多尔特,17.2,-,1.7,-,4.2,-,40.40%,-,33.20%,113,84.30%,35,0.35,-,0.92,-,152
isaiah_roby,以赛亚 罗比,10.1,-,1.6,-,4.8,-,51.40%,-,44.40%,-,67.20%,-,0.76,-,0.8,-,150
aaron_wiggins,阿龙 威金斯,8.3,-,1.4,-,3.6,-,46.30%,-,30.40%,-,72.90%,-,0.18,-,0.6,-,46
vit_krejci,维特 克雷伊奇,6.2,-,1.9,-,3.4,-,40.70%,-,32.70%,-,86.40%,-,0.27,-,0.63,-,0
lindy_waters_iii,Lindy Waters III,8,-,1,-,2.9,-,40.60%,-,36.30%,-,80.00%,-,0.32,-,0.76,-,0
melvin_frazier,梅尔文 弗雷泽,10.7,-,0.3,-,4.3,-,27.10%,-,4.80%,-,71.40%,-,0,-,0.33,-,0
kevin_durant,凯文 杜兰特,26.2,-,6.2,-,5.8,-,38.60%,-,33.30%,-,89.50%,-,0.25,-,1,-,4092
kyrie_irving,凯里 欧文,21.2,-,5.2,-,5.2,-,44.40%,-,38.10%,-,100%,-,1.25,-,1.75,-,3491
ben_simmons,本 西蒙斯,0,-,0,-,0,-,0.00%,-,0.00%,-,0.00%,-,0,-,0,-,2925
joe_harris,乔 哈里斯,0,-,0,-,0,-,0,-,0,-,0,-,0,-,0,-,1607
seth_curry,塞思 库里,14.5,-,3,-,2.5,-,56.40%,-,52.20%,-,66.70%,-,0.75,-,0.25,-,744
patty_mills,帕蒂 米尔斯,6.2,-,0,-,1,-,56.20%,-,53.80%,-,0%,-,0.25,-,0,-,589
blake_griffin,布雷克 格里芬,4,-,2,-,2,-,28.60%,-,40.00%,-,100%,-,0.5,-,0.5,-,264
lamarcus_aldridge,拉马库斯 阿尔德里奇,0,-,0,-,0,-,0,-,0,-,0,-,0,-,0,-,264
andre_drummond,安德烈 德拉蒙德,3.8,-,0.8,-,3,-,54.50%,-,0%,-,60.00%,-,0.75,-,1.25,-,240
cam_thomas,卡梅伦 托马斯,0,-,0,-,0,-,0%,-,0%,-,0%,-,0,-,0,-,204
day'ron_sharpe,戴罗恩 夏普,0,-,0,-,0,-,0%,-,0%,-,0%,-,0,-,0,-,201
nic_claxton,尼古拉斯 克拉克斯顿,10.5,-,1.5,-,6.2,-,79.20%,-,0%,-,18.20%,-,2.25,-,1.25,-,152
kessler_edwards,凯斯勒 爱德华兹,0,-,0.5,-,0,-,0%,-,0%,-,0%,-,0,-,0.5,-,46
goran_dragic,戈兰 德拉季奇,10.5,-,1.5,-,4.5,-,56.20%,-,33.30%,-,100%,-,0,-,0.75,-,0
david_duke,大卫 杜克,0,-,0,-,0,-,0,-,0,-,0,-,0,-,0,-,0
bruce_brown,布鲁斯 布朗,14,-,2.8,-,4.8,-,56.80%,-,42.90%,-,80.00%,-,0.75,-,1.25,-,0
james_harden,詹姆斯 哈登,19,-,10.2,-,5,-,40.50%,-,38.20%,-,86.00%,-,1.17,-,1,-,4431
tobias_harris,托拜厄斯 哈里斯,17.8,-,2.8,-,9.5,-,51.90%,-,43.30%,-,87.50%,-,1.17,-,0.67,-,3351
joel_embiid,乔尔 恩比德,26.2,-,2.3,-,11.3,-,52.00%,-,19.00%,-,83.10%,-,0.83,-,0.33,-,3131
danny_green,丹尼 格林,9,-,1.2,-,3.8,-,35.80%,-,36.40%,-,0%,-,0.33,-,1,-,1000
furkan_korkmaz,富尔坎 科尔克马兹,0.8,-,0.8,-,0.8,-,100%,-,100%,-,0%,-,0,-,0,-,463
georges_niang,乔治 尼昂,6.7,-,0.7,-,1.3,-,70.00%,-,66.70%,-,0%,-,0,-,0.17,-,330
tyrese_maxey,泰雷斯 马克西,21.3,-,4.8,-,4.7,-,51.10%,-,40.50%,-,95.00%,-,0.17,-,0.67,-,273
matisse_thybulle,马蒂斯 赛布尔,3.3,-,0.3,-,1.3,-,40.00%,-,33.30%,-,0%,-,1,-,0.67,-,271
jaden_springer,贾登 斯普林格,2,-,0.5,-,1,-,66.70%,-,0%,-,0%,-,0,-,0,-,202
shake_milton,谢克 米尔顿,4,-,0.8,-,1.2,-,53.80%,-,50.00%,-,100%,-,0.33,-,0.33,-,170
paul_reed,保罗 里德,4.2,-,0.3,-,3.5,-,55.60%,-,100%,-,60.00%,-,0.33,-,0.67,-,152
isaiah_joe,以赛亚 乔,0.8,-,0,-,0,-,33.30%,-,50.00%,-,0%,-,0,-,0,-,90
charles_bassey,查尔斯 巴锡,0,-,0,-,0,-,0,-,0,-,0,-,0,-,0,-,0
myles_powell,迈尔斯 鲍威尔,0,-,0,-,0,-,0,-,0,-,0,-,0,-,0,-,0
charlie_brown,查理 布朗,0,-,0,-,0,-,0,-,0,-,0,-,0,-,0,-,0
deandre_jordan,德安德烈 乔丹,0,-,0,-,0,-,0,-,0,-,0,-,0,-,0,-,0
paul_millsap,保罗 米尔萨普,0,-,0,-,0,-,0,-,0,-,0,-,0,-,0,-,0
jayson_tatum,杰森 塔特姆,29.5,-,7.2,-,4.5,-,45.60%,-,41.90%,-,86.80%,-,0.75,-,1.75,-,2810
al_horford,艾尔 霍福德,13,-,2,-,7.5,-,58.80%,-,60.00%,-,75.00%,-,0.75,-,0.75,-,2783
jaylen_brown,杰伦 布朗,22.5,-,4.2,-,5.2,-,49.30%,-,21.10%,-,77.80%,-,0.5,-,2.5,-,2463
derrick_white,德里克 怀特,5.2,-,2,-,4.5,-,34.80%,-,9.10%,-,80.00%,-,0,-,1,-,1518
marcus_smart,马库斯 斯马特,16.5,-,7,-,4,-,42.10%,-,31.20%,-,80.00%,-,0,-,1.25,-,1384
daniel_theis,丹尼尔 泰斯,8.5,-,1.2,-,6.5,-,56.00%,-,14.30%,-,83.30%,-,0.25,-,0.75,-,828
robert_williams,罗伯特 威廉姆斯,2.5,-,0.5,-,3.5,-,40.00%,-,0%,-,50.00%,-,0.5,-,0.5,-,366
aaron_nesmith,阿龙 内史密斯,0,-,0,-,0,-,0,-,0,-,0,-,0,-,0,-,346
grant_williams,格兰特 威廉姆斯,11.2,-,0.8,-,4,-,57.70%,-,50.00%,-,87.50%,-,1.5,-,0.25,-,249
payton_pritchard,佩顿 普里查德,5.8,-,1,-,1.5,-,66.70%,-,42.90%,-,0%,-,0,-,0.25,-,214
sam_hauser,萨姆 豪瑟,0,-,0,-,0,-,0,-,0,-,0,-,0,-,0,-,46
luke_kornet,卢克 科内特,0,-,0,-,0,-,0,-,0,-,0,-,0,-,0,-,0
nik_stauskas,尼克 斯陶斯卡斯,0,-,0,-,0,-,0,-,0,-,0,-,0,-,0,-,0
matt_ryan,马特 莱恩,0,-,0,-,0,-,0,-,0,-,0,-,0,-,0,-,0
brodric_thomas,布罗德里克 托马斯,0,-,0,-,0,-,0,-,0,-,0,-,0,-,0,-,0
malik_fitts,马利克 菲茨,0,-,0,-,0,-,0,-,0,-,0,-,0,-,0,-,0
pascal_siakam,帕斯卡尔 西亚卡姆,22.8,-,5.8,-,7.2,-,47.70%,-,23.50%,-,86.10%,-,1,-,1.17,-,3056
fred_vanvleet,弗雷德 范弗利特,13.8,-,6.2,-,3,-,35.20%,-,33.30%,-,83.30%,-,1,-,1.75,-,2125
og_anunoby,OG 阿奴诺比,17.3,-,2.5,-,4,-,47.60%,-,34.10%,-,75.00%,-,0.17,-,1,-,1607
gary_trent,小加里 特伦特,15.3,-,1.3,-,1.8,-,37.80%,-,33.30%,-,89.50%,-,0.5,-,1,-,1600
thaddeus_young,赛迪斯 杨,3.3,-,1.7,-,3,-,50.00%,-,14.30%,-,25.00%,-,0.17,-,0.83,-,1366
scottie_barnes,斯科蒂 巴恩斯,12.8,-,4.2,-,9,-,42.90%,-,16.70%,-,81.20%,-,0.25,-,1,-,728
chris_boucher,克里斯 布歇,11.2,-,0.2,-,5.8,-,61.90%,-,40.00%,-,90.00%,-,1.17,-,0.17,-,650
khem_birch,肯 伯奇,3,-,0.5,-,1.5,-,50.00%,-,50.00%,-,0%,-,0.17,-,0.17,-,635
precious_achiuwa,普雷舍斯 阿丘瓦,10.2,-,1,-,4.8,-,48.10%,-,31.20%,-,60.00%,-,0.83,-,0.17,-,271
malachi_flynn,马拉奇 弗林,0,-,0.5,-,0.5,-,0%,-,0%,-,0%,-,0,-,0.17,-,195
yuta_watanabe,渡边雄太,1,-,0,-,0,-,33.30%,-,0%,-,0%,-,0,-,0,-,176
svi_mykhailiuk,斯维亚托斯拉夫 米哈伊柳克,0.3,-,0,-,0.3,-,0%,-,0%,-,100%,-,0,-,0,-,173
dalano_banton,达拉诺 班顿,1.8,-,0.2,-,0.5,-,100%,-,0%,-,50.00%,-,0,-,0.25,-,93
justin_champagnie,贾斯汀 尚帕尼,0,-,0,-,0,-,0,-,0,-,0,-,0,-,0,-,46
david_johnson,大卫 约翰逊,0,-,0,-,0,-,0,-,0,-,0,-,0,-,0,-,46
isaac_bonga,伊萨克 邦加,2,-,0,-,1,-,0%,-,0%,-,100%,-,0,-,0,-,0
armoni_brooks,阿尔莫尼 布鲁克斯,0,-,0,-,0.5,-,0%,-,0%,-,0%,-,0,-,0,-,0
julius_randle,朱利叶斯 兰德尔,20.1,22,5.1,24,9.9,12,41.10%,91,30.80%,128,75.60%,75,0.5,66,0.7,105,1980
evan_fournier,埃文 富尼耶,14.1,66,2.1,100,2.6,169,41.70%,86,38.90%,35,70.80%,-,0.3,105,1,49,1714
derrick_rose,德里克 罗斯,12,-,4,-,3,-,44.50%,-,40.20%,-,96.80%,-,0.46,-,0.85,-,1327
alec_burks,亚历克 伯克斯,11.7,85,3,63,4.9,75,39.10%,-,40.40%,17,82.20%,52,0.3,105,1,49,954
nerlens_noel,纳伦斯 诺埃尔,3.4,-,0.9,-,5.6,-,53.30%,-,0%,-,70.00%,-,1.24,-,1.16,-,880
kemba_walker,肯巴 沃克,11.6,-,3.5,-,3,-,40.30%,-,36.70%,-,84.50%,-,0.19,-,0.73,-,873
rj_barrett,RJ 巴雷特,20,25,3,63,5.8,46,40.80%,93,34.20%,104,71.40%,86,0.2,145,0.6,135,823
taj_gibson,泰 吉布森,4.4,-,0.6,-,4.4,-,51.80%,-,39.50%,-,80.80%,-,0.77,-,0.42,-,491
obi_toppin,奥比 托平,9,130,1.1,167,3.7,123,53.10%,-,30.80%,-,75.80%,-,0.5,66,0.3,198,486
cam_reddish,卡姆 雷迪什,10.1,-,1,-,2.1,-,40.40%,-,35.90%,-,90.20%,-,0.29,-,0.98,-,445
quentin_grimes,昆廷 格兰姆斯,6.1,-,1,-,2.1,-,40.40%,-,38.10%,-,68.40%,-,0.24,-,0.67,-,217
immanuel_quickley,伊曼纽尔 奎克利,11.3,89,3.5,48,3.2,143,39.20%,-,34.60%,98,88.10%,10,0.04,201,0.7,105,211
mitchell_robinson,米切尔 罗宾逊,8.5,143,0.5,203,8.6,19,76.10%,-,0%,-,48.60%,-,1.9,4,0.8,85,180
miles_mcbride,迈尔斯 麦克布莱德,2.2,-,1,-,1.1,-,29.60%,-,25.00%,-,66.70%,-,0.03,-,0.35,-,93
jericho_sims,杰里科 西姆斯,2.2,-,0.5,-,4.1,-,72.20%,-,0%,-,41.40%,-,0.54,-,0.27,-,46
feron_hunt,费伦 昆都,0,-,0.5,-,0.5,-,0%,-,0%,-,0%,-,0,-,0.5,-,0
ryan_arcidiacono,瑞安 阿尔奇迪亚科诺,1.6,-,0.4,-,0.8,-,50.00%,-,44.40%,-,0%,-,0,-,0.1,-,0
jimmy_butler,吉米 巴特勒,30.5,-,5.2,-,7.8,-,54.30%,-,43.80%,-,79.40%,-,0.5,-,2.75,-,3601
bam_adebayo,巴姆 阿德巴约,12.4,-,3.6,-,8,-,52.40%,-,0%,-,81.80%,-,0.6,-,1,-,2810
kyle_lowry,凯尔 洛瑞,8.3,-,5.3,-,3.7,-,34.80%,-,31.20%,-,80.00%,-,0.67,-,0.67,-,2698
duncan_robinson,邓肯 罗宾逊,7.2,-,0,-,1.2,-,55.00%,-,52.60%,-,100%,-,0,-,0,-,1556
p.j._tucker,PJ 塔克,9.6,-,2.4,-,6.2,-,60.00%,-,53.30%,-,100%,-,0,-,0.4,-,700
tyler_herro,泰勒 希罗,12.8,-,3.2,-,3.8,-,39.10%,-,17.90%,-,90.00%,-,0.6,-,1,-,364
udonis_haslem,犹多尼斯 哈斯勒姆,0,-,0,-,0,-,0,-,0,-,0,-,0,-,0,-,264
markieff_morris,马基夫 莫里斯,0,-,0,-,0,-,0,-,0,-,0,-,0,-,0,-,264
victor_oladipo,维克托 奥拉迪波,14.5,-,3.5,-,4.5,-,42.30%,-,27.30%,-,100%,-,0,-,1.5,-,239
dewayne_dedmon,德维恩 戴德蒙,4.2,-,0.6,-,3.6,-,56.20%,-,0%,-,75.00%,-,0.2,-,0.2,-,239
gabe_vincent,盖布 文森特,8.4,-,4.2,-,2.4,-,37.80%,-,36.00%,-,83.30%,-,0.2,-,1.2,-,167
max_strus,马克斯 斯特鲁斯,14,-,2.2,-,2.8,-,42.40%,-,35.60%,-,57.10%,-,0.2,-,1.4,-,167
omer_yurtseven,奥默 尤尔特塞文,3.5,-,0.5,-,0.5,-,75.00%,-,0%,-,33.30%,-,0,-,0,-,149
javonte_smart,贾文特 斯马特,0,-,0,-,0,-,0,-,0,-,0,-,0,-,0,-,0
chris_silva,克里斯 席尔瓦,0,-,0,-,0,-,0,-,0,-,0,-,0,-,0,-,0
mychal_mulder,迈克尔 穆尔德,0,-,0,-,0,-,0,-,0,-,0,-,0,-,0,-,0
haywood_highsmith,海伍德 海史密斯,1.5,-,0.5,-,0.5,-,100%,-,100%,-,0%,-,0,-,0,-,0
caleb_martin,凯莱布 马丁,3.6,-,0,-,1.4,-,32.00%,-,16.70%,-,0%,-,0.2,-,1,-,0
bradley_beal,布拉德利 比尔,23.1,-,6.6,-,4.7,-,45.10%,60,30.00%,-,83.30%,43,0.38,-,0.9,-,3450
kristaps_porzingis,克里斯塔普斯 波尔津吉斯,20.2,-,2.3,-,8.1,-,45.90%,-,31.00%,-,86.70%,-,1.65,-,0.73,-,2946
kyle_kuzma,凯尔 库兹马,17.1,43,3.5,48,8.5,20,45.20%,59,34.10%,105,71.20%,88,0.9,25,0.6,135,1300
kentavious_caldwell-pope,肯塔维厄斯 考德威尔 波普,13.2,73,1.9,116,3.4,133,43.50%,75,39.00%,32,89.00%,8,0.3,105,1.1,31,1207
tomas_satoransky,托马什 萨托兰斯基,3.6,-,3.3,-,2.3,-,37.70%,-,20.80%,-,79.60%,-,0.09,-,0.53,-,1000
thomas_bryant,托马斯 布莱恩特,7.4,-,0.9,-,4,-,52.00%,-,28.60%,-,87.50%,-,0.78,-,0.22,-,833
rui_hachimura,八村垒,11.3,-,1.1,-,3.8,-,49.10%,-,44.70%,-,69.70%,-,0.21,-,0.55,-,469
ish_smith,伊斯梅尔 史密斯,6.3,-,3.8,-,2.2,-,43.10%,-,37.30%,-,62.50%,-,0.35,-,0.72,-,450
deni_avdija,德尼 阿夫迪亚,8.4,146,2,109,5.2,67,43.20%,-,31.70%,123,75.70%,-,0.5,66,0.7,105,447
corey_kispert,科里 基斯珀特,8.2,152,1.1,167,2.7,164,45.50%,-,35.00%,95,87.10%,-,0.3,105,0.4,182,338
raul_neto,劳尔 内托,7.5,166,3.1,59,1.9,193,46.30%,-,29.20%,-,76.90%,-,0.04,201,0.8,85,209
daniel_gafford,丹尼尔 加福德,9.4,118,0.9,187,5.7,51,69.50%,-,0%,-,69.90%,-,1.4,10,0.4,182,151
isaiah_todd,以赛亚 托德,1.7,-,0.3,-,1,-,26.90%,-,25.00%,-,33.30%,-,0.17,-,0.33,-,150
vernon_carey,小弗农 凯里,2.9,-,0,-,1.7,-,53.80%,-,0%,-,46.20%,-,0.14,-,0.29,-,135
anthony_gill,安东尼 吉尔,4.1,-,0.6,-,1.9,-,56.90%,-,53.80%,-,80.80%,-,0.25,-,0.11,-,90
cassius_winston,卡修斯 温斯顿,2,-,1,-,0.1,-,36.40%,-,33.30%,-,100%,-,0,-,0,-,46
jordan_schakel,乔丹 舍克尔,1.2,-,0,-,2,-,9.10%,-,16.70%,-,100%,-,0,-,0.25,-,0
gordon_hayward,戈登 海沃德,15.9,-,3.6,-,4.6,-,45.90%,-,39.10%,30,84.60%,33,0.45,-,0.96,-,2850
terry_rozier,特里 罗齐尔,19.3,26,4.5,31,4.3,96,44.40%,65,37.40%,61,85.20%,30,0.3,105,1.3,17,1790
kelly_oubre,凯利 乌布雷,15,57,1.1,167,4,111,44.00%,72,34.50%,100,66.70%,96,0.4,82,1,49,1200
montrezl_harrell,蒙特雷兹 哈勒尔,13.2,-,2,-,6.1,-,64.40%,-,23.50%,-,71.80%,-,0.59,-,0.41,-,925
mason_plumlee,梅森 普拉姆利,6.5,177,3.1,59,7.7,28,64.10%,-,0%,-,39.20%,-,0.7,39,0.8,85,800
lamelo_ball,拉梅洛 鲍尔,20.1,22,7.6,7,6.7,37,42.90%,80,38.90%,35,87.20%,14,0.4,82,1.6,8,784
james_bouknight,詹姆斯 布克奈特,4.6,-,0.8,-,1.7,-,34.80%,-,34.70%,-,87.10%,-,0.03,-,0.23,-,415
p.j._washington,PJ 华盛顿,10.3,105,2.3,92,5.2,67,46.80%,-,36.50%,75,71.60%,-,0.9,25,0.9,64,402
miles_bridges,迈尔斯 布里奇斯,20.2,21,3.8,44,7,35,49.10%,31,33.10%,114,80.20%,58,0.8,32,0.9,64,393
kai_jones,凯 琼斯,1,-,0.2,-,0.6,-,64.30%,-,50.00%,-,37.50%,-,0.1,-,0.05,-,277
jalen_mcdaniels,杰伦 麦克丹尼尔斯,6.2,-,1,-,3.1,-,48.40%,-,38.00%,-,73.60%,-,0.4,-,0.47,-,152
cody_martin,科迪 马丁,7.7,160,2.5,83,4,111,48.20%,-,38.40%,-,70.10%,-,0.4,82,1.2,23,152
jt_thor,JT 索尔,2,-,0.6,-,1.3,-,43.60%,-,25.90%,-,60.00%,-,0.33,-,0.24,-,125
nick_richards,尼克 理查兹,3,-,0.3,-,1.7,-,66.70%,-,0%,-,69.80%,-,0.42,-,0.18,-,100
scottie_lewis,斯科蒂 刘易斯,0.5,-,0.5,-,0,-,0%,-,0%,-,50.00%,-,0,-,0.5,-,46
arnoldas_kulboka,阿诺达斯 库尔博卡,0,-,0,-,0,-,0%,-,0%,-,0%,-,0,-,0,-,46
isaiah_thomas,以赛亚 托马斯,8.4,-,1.5,-,1.3,-,40.10%,-,33.70%,-,84.60%,-,0.23,-,0.32,-,0
john_collins,约翰 科林斯,9.4,-,1.2,-,4.6,-,48.70%,-,36.40%,-,50.00%,-,0.2,-,0.4,-,2300
danilo_gallinari,达尼罗 加里纳利,10.2,-,0.8,-,4.2,-,40.00%,-,26.70%,-,100%,-,0,-,0.2,-,1952
bogdan_bogdanovic,波格丹 波格丹诺维奇,14.2,-,3,-,4.8,-,40.80%,-,34.60%,-,80.00%,-,0.25,-,0.5,-,1800
clint_capela,克林特 卡佩拉,2,-,0,-,7.5,-,33.30%,-,0%,-,0%,-,0.5,-,0.5,-,1600
delon_wright,德朗 赖特,8.2,-,2.8,-,4.8,-,51.70%,-,38.50%,-,66.70%,-,0.2,-,0.8,-,900
trae_young,特雷 杨,15.4,-,6,-,5,-,31.90%,-,18.40%,-,78.80%,-,0,-,0.6,-,833
de'andre_hunter,德安德烈 亨特,21.2,-,0.6,-,3.8,-,55.70%,-,46.20%,-,80.00%,-,0.2,-,0.8,-,742
onyeka_okongwu,奥涅卡 奥孔古,5.2,-,0.4,-,5.4,-,56.20%,-,0%,-,80.00%,-,0.8,-,0.8,-,610
lou_williams,路易斯 威廉姆斯,0,-,0,-,0,-,0,-,0,-,0,-,0,-,0,-,500
kevin_knox,凯文 诺克斯,11,-,0,-,1,-,63.60%,-,60.00%,-,100%,-,0,-,1,-,459
kevin_huerter,凯文 赫尔特,9.2,-,3.8,-,3,-,36.20%,-,29.00%,-,75.00%,-,0.6,-,1,-,276
jalen_johnson,杰伦 约翰逊,0,-,0,-,0,-,0%,-,0%,-,0%,-,0,-,0,-,266
sharife_cooper,谢里夫 库珀,0,-,0,-,0,-,0,-,0,-,0,-,0,-,0,-,46
skylar_mays,斯凯拉 梅斯,1,-,0.5,-,0.5,-,100%,-,0%,-,0%,-,0,-,0.5,-,46
chaundee_brown,昌迪 布朗,0,-,0,-,0,-,0,-,0,-,0,-,0,-,0,-,0
timothe_luwawu-cabarrot,蒂莫泰 卢瓦乌 卡巴罗,1.2,-,0.5,-,0.8,-,50.00%,-,33.30%,-,0%,-,0,-,0,-,0
gorgui_dieng,戈尔吉 吉昂,1.5,-,0,-,1.5,-,50.00%,-,0%,-,100%,-,0,-,0,-,0
gary_harris,加里 哈里斯,11.1,90,1.8,121,2,191,43.10%,-,38.40%,44,88.00%,-,0.2,145,1,49,1961
jonathan_isaac,乔纳森 艾萨克,0,-,0,-,0,-,0.00%,-,0.00%,-,0.00%,-,0,-,0,-,1740
markelle_fultz,马克尔 富尔茨,10.8,-,5.5,-,2.7,-,47.40%,-,23.50%,-,80.60%,-,0.28,-,1.11,-,1650
terrence_ross,特伦斯 罗斯,10,111,1.8,121,2.6,169,39.60%,-,29.00%,-,86.20%,-,0.2,145,0.4,182,1350
jalen_suggs,杰伦 萨格斯,11.8,-,4.4,-,3.6,-,36.10%,-,21.40%,-,77.30%,69,0.4,-,1.23,-,659
mo_bamba,穆罕默德 班巴,10.6,101,1.2,157,8.1,26,48.00%,-,38.10%,50,78.10%,-,1.7,5,0.5,163,597
wendell_carter,温德尔 卡特,15,57,2.8,69,10.4,8,52.50%,16,32.40%,-,69.10%,92,0.7,39,0.6,135,545
franz_wagner,弗朗茨 瓦格纳,15.2,55,2.9,65,4.5,87,46.80%,45,35.40%,91,86.30%,21,0.4,82,0.9,64,501
robin_lopez,罗宾 洛佩斯,7.1,-,1.5,-,3.5,-,55.30%,-,33.30%,-,59.30%,-,0.5,-,0.06,-,500
cole_anthony,科尔 安东尼,16.3,47,5.7,17,5.3,61,39.10%,99,33.80%,108,85.40%,25,0.3,105,0.7,105,329
chuma_okeke,丘马 奥基基,8.6,141,1.7,127,5,72,37.60%,-,31.80%,121,85.20%,-,0.6,49,1.4,13,312
r.j._hampton,RJ 汉普顿,7.6,161,2.5,83,3,151,37.70%,-,34.60%,-,63.10%,-,0.2,145,0.7,105,219
bol_bol,波尔 波尔,2.5,-,0.4,-,1.5,-,55.60%,-,25.00%,-,66.70%,-,0.15,-,0.08,-,206
moritz_wagner,莫里茨 瓦格纳,9,130,1.4,143,3.7,123,50.40%,-,33.30%,-,80.50%,-,0.2,145,0.3,198,173
ignas_brazdeikis,伊格纳斯 布拉兹代基斯,5,-,0.9,-,1.7,-,43.30%,-,31.40%,-,65.60%,-,0.07,-,0.24,-,46
devin_cannady,德文 坎纳迪,10,-,2,-,1.2,-,34.10%,-,40.50%,-,71.40%,-,0.6,-,1,-,0
jeff_dowtin,杰夫 道丁,1.9,-,1.2,-,2.2,-,26.10%,-,11.10%,-,100%,-,0.12,-,0.62,-,0
admiral_schofield,阿德米拉尔 斯科菲尔德,3.8,-,0.7,-,2.2,-,41.50%,-,31.60%,-,80.00%,-,0.14,-,0.11,-,0
nikola_vucevic,尼古拉 武切维奇,19.4,-,3.2,-,12.4,-,44.00%,-,31.00%,-,80.00%,-,1.2,-,0.4,-,2600
demar_derozan,德马尔 德罗赞,20.8,-,4.8,-,5.4,-,41.10%,-,0%,-,86.70%,-,0.4,-,1.8,-,2600
zach_lavine,扎克 拉文,19.2,-,6,-,5.2,-,42.90%,-,37.50%,-,93.30%,-,0.25,-,0.75,-,1950
lonzo_ball,朗佐 鲍尔,0,-,0,-,0,-,0,-,0,-,0,-,0,-,0,-,1860
tristan_thompson,特里斯坦 汤普森,0.8,-,0.4,-,1.6,-,40.00%,-,0%,-,0%,-,0,-,0.2,-,925
alex_caruso,亚历克斯 卡鲁索,6.2,-,4.2,-,2.8,-,39.10%,-,38.90%,-,0%,-,1,-,1.25,-,860
patrick_williams,帕特里克 威廉姆斯,11.8,-,0.8,-,5.4,-,46.80%,-,33.30%,-,72.70%,-,0.6,-,1,-,707
coby_white,科比 怀特,8.4,-,1.8,-,3.4,-,33.30%,-,27.60%,-,80.00%,-,0,-,0.2,-,557
troy_brown,特洛伊 布朗,4,-,1,-,2.7,-,29.40%,-,18.20%,-,0%,-,0,-,0.67,-,337
tony_bradley,托尼 布拉德利,5,-,0.5,-,2,-,100%,-,0%,-,0%,-,0,-,0,-,179
javonte_green,贾文特 格林,1.4,-,0.4,-,3,-,17.60%,-,0%,-,50.00%,-,0,-,1.8,-,167
ayo_dosunmu,阿约 多森姆,4,-,2.2,-,2.6,-,30.80%,-,23.10%,-,100%,-,0,-,0.2,-,93
marko_simonovic,马尔科 西蒙诺维奇,0,-,0,-,0,-,0,-,0,-,0,-,0,-,0,-,93
matt_thomas,马特 托马斯,0,-,0,-,0,-,0,-,0,-,0,-,0,-,0,-,0
malcolm_hill,马尔科姆・希尔,0,-,0,-,0,-,0,-,0,-,0,-,0,-,0,-,0
tyler_cook,泰勒 库克,0,-,0,-,0,-,0,-,0,-,0,-,0,-,0,-,0
derrick_jones,小德里克 琼斯,3.8,-,0.4,-,1.4,-,41.20%,-,27.30%,-,66.70%,-,0,-,0.2,-,0
giannis_antetokounmpo,扬尼斯 阿德托昆博,28.6,-,6.2,-,13.4,-,56.80%,-,15.40%,-,68.30%,-,1.4,-,0.2,-,3930
khris_middleton,克里斯 米德尔顿,14.5,-,7,-,5,-,41.70%,-,42.90%,-,100%,-,0,-,1.5,-,3560
jrue_holiday,朱 霍勒迪,16.4,-,6.8,-,5,-,40.70%,-,34.50%,-,60.00%,-,0.4,-,0.8,-,3013
brook_lopez,布鲁克 洛佩斯,13.2,-,0.8,-,4.6,-,49.00%,-,33.30%,-,91.70%,-,1.6,-,0.4,-,1270
pat_connaughton,帕特 康诺顿,8.4,-,1,-,3.8,-,38.90%,-,35.50%,-,100%,-,0.4,-,0.4,-,494
bobby_portis,博比 波蒂斯,11.6,-,0.8,-,11.4,-,44.90%,-,36.00%,-,55.60%,-,0.2,-,0.2,-,435
grayson_allen,格雷森 阿伦,13,-,0.4,-,3.4,-,60.00%,-,58.30%,-,75.00%,-,0.4,-,1,-,405
george_hill,乔治 希尔,0,-,0,-,0,-,0,-,0,-,0,-,0,-,0,-,400
thanasis_antetokounmpo,萨纳西斯 阿德托昆博,1.3,-,0.3,-,0.7,-,66.70%,-,0%,-,0%,-,0,-,0.33,-,173
jordan_nwora,乔丹 沃拉,0.7,-,0.7,-,0.3,-,16.70%,-,0%,-,0%,-,0,-,0,-,90
sandro_mamukelashvili,桑德罗 马穆凯拉什维利,0,-,0,-,0,-,0,-,0,-,0,-,0,-,0,-,46
wesley_matthews,韦斯利 马修斯,6.8,-,1.6,-,2.8,-,48.00%,-,47.60%,-,0%,-,0.4,-,1,-,0
rayjon_tucker,雷琼 塔克,0,-,0,-,0.7,-,0%,-,0%,-,0%,-,0,-,0,-,0
lindell_wigginton,林德尔 威金顿,0,-,0,-,0,-,0,-,0,-,0,-,0,-,0,-,0
jevon_carter,杰文 卡特,2.4,-,1.8,-,2.4,-,41.70%,-,40.00%,-,0%,-,0,-,1.2,-,0
luca_vildoza,卢卡 维尔多萨,0,-,0,-,0,-,0.00%,-,0.00%,-,0.00%,-,0,-,0,-,0
serge_ibaka,赛尔吉 伊巴卡,2.2,-,0,-,2.5,-,30.80%,-,0%,-,50.00%,-,0,-,0,-,0
kevin_love,凯文 乐福,13.6,69,2.2,96,7.2,34,43.00%,79,39.20%,29,83.80%,39,0.2,145,0.3,198,3126
jarrett_allen,贾勒特 阿伦,16,-,1.7,-,10.8,-,67.70%,2,10.00%,-,70.80%,90,1.35,-,0.8,-,2000
caris_levert,卡里斯 勒韦尔,17,-,4.3,-,3.7,-,44.40%,-,32.00%,-,75.60%,-,0.4,-,0.88,-,1620
lauri_markkanen,劳里 马尔卡宁,14.8,61,1.3,147,5.7,51,44.50%,64,35.80%,85,86.80%,17,0.5,66,0.7,105,1569
cedi_osman,切迪 奥斯曼,10.7,100,2,109,2.2,187,43.40%,-,35.70%,88,65.90%,-,0.2,145,0.8,85,884
evan_mobley,埃文 莫布利,15,57,2.5,83,8.3,24,50.80%,20,25.00%,-,66.30%,98,1.7,5,0.8,85,808
darius_garland,达里厄斯 加兰,21.7,16,8.6,5,3.3,139,46.20%,49,38.30%,45,89.20%,7,0.1,185,1.3,17,672
isaac_okoro,艾萨克 奥科罗,8.8,135,1.8,121,3,151,48.70%,-,35.70%,-,76.80%,-,0.3,105,0.8,85,640
collin_sexton,科林 塞克斯顿,16,-,2.1,-,3.3,-,45.30%,-,24.40%,-,74.40%,-,0,-,0.91,-,499
rajon_rondo,拉简 隆多,4.8,-,4.4,-,2.8,-,38.40%,-,35.20%,-,73.10%,-,0.15,-,0.77,-,264
dylan_windler,迪伦 温德勒,2.2,-,0.7,-,1.8,-,37.80%,-,30.00%,-,83.30%,-,0.06,-,0.28,-,213
lamar_stevens,拉马尔 史蒂文斯,6.1,183,0.7,195,2.6,169,48.90%,-,26.20%,-,70.70%,-,0.3,105,0.5,163,152
dean_wade,迪恩 韦德,5.3,-,1,-,2.9,-,45.60%,-,35.90%,-,66.70%,-,0.14,-,0.59,-,152
brandon_goodwin,布兰登 古德温,4.8,-,2.5,-,1.9,-,41.60%,-,34.50%,-,63.20%,-,0.03,-,0.69,-,0
moses_brown,摩西 布朗,4.3,-,0,-,3.4,-,59.30%,-,0%,-,59.70%,-,0.42,-,0.17,-,0
ed_davis,埃德 戴维斯,0.9,-,0.2,-,2.1,-,68.80%,-,0%,-,42.90%,-,0.29,-,0.1,-,0
tim_frazier,蒂姆 弗雷泽,3.2,-,2.8,-,1.6,-,31.10%,-,35.30%,-,55.60%,-,0.08,-,0.25,-,0
buddy_hield,巴迪 希尔德,15.6,-,2.8,-,4.4,-,40.70%,-,36.60%,-,87.40%,-,0.31,-,0.89,-,2443
malcolm_brogdon,马尔科姆 布罗格登,19.1,-,5.9,-,5.1,-,44.80%,-,31.20%,-,85.60%,24,0.39,-,0.86,-,1976
myles_turner,迈尔斯 特纳,12.9,-,1,-,7.1,-,50.80%,-,33.20%,-,75.20%,-,2.81,-,0.67,-,1750
ricky_rubio,里基 卢比奥,13.3,-,6.5,-,4.2,-,36.60%,-,34.10%,-,85.10%,-,0.21,-,1.48,-,1700
t.j._warren,TJ 沃伦,0,-,0,-,0,-,0.00%,-,0.00%,-,0.00%,-,0,-,0,-,1081
t.j._mcconnell,TJ 麦康奈尔,8.5,-,4.9,-,3.3,-,48.10%,-,30.30%,-,82.60%,-,0.37,-,1.11,-,750
jalen_smith,杰伦 史密斯,9.2,-,0.5,-,6,-,50.30%,-,32.80%,-,76.50%,-,0.8,-,0.29,-,425
tyrese_haliburton,泰雷斯 哈利伯顿,15.3,-,8.2,-,4,-,47.40%,-,41.40%,-,84.20%,-,0.64,-,1.74,-,383
chris_duarte,克里斯 杜阿尔特,13.1,-,2.1,-,4.1,-,43.20%,-,36.90%,67,80.40%,-,0.18,-,1.02,-,375
goga_bitadze,戈加 比塔泽,7,-,1.1,-,3.6,-,52.00%,-,28.70%,-,68.10%,-,0.84,-,0.44,-,281
isaiah_jackson,以赛亚 杰克逊,8.2,-,0.3,-,4.2,-,56.30%,-,31.20%,-,68.20%,-,1.44,-,0.67,-,245
oshae_brissett,奥谢 布里塞特,9.1,128,1.1,167,5.3,61,41.10%,-,35.00%,95,69.50%,-,0.4,82,0.7,105,170
duane_washington,杜安 华盛顿,9.9,-,1.8,-,1.8,-,40.50%,-,37.70%,-,75.40%,-,0.06,-,0.54,-,46
terry_taylor,泰瑞 泰勒,9.6,-,1.2,-,5.2,-,61.60%,-,31.60%,-,70.60%,-,0.27,-,0.42,-,0
lance_stephenson,兰斯 史蒂芬森,8.3,-,3.6,-,2.8,-,45.50%,-,30.00%,-,78.80%,-,0.09,-,0.5,-,0
gabe_york,加比 约克,4,-,2,-,1,-,28.60%,-,16.70%,-,60.00%,-,0.5,-,1,-,0
nate_hinton,内特 辛顿,0,-,0,-,0,-,0%,-,0%,-,0%,-,0,-,0,-,0
jerami_grant,杰拉米 格兰特,19.2,-,2.4,-,4.1,-,42.60%,-,35.80%,85,83.80%,39,1.04,-,0.94,-,1905
kelly_olynyk,凯利 奥利尼克,9.1,-,2.8,-,4.4,-,44.80%,-,33.60%,-,77.50%,-,0.47,-,0.78,-,1220
cade_cunningham,凯德 坎宁安,17.4,38,5.6,18,5.5,55,41.60%,87,31.40%,125,84.50%,34,0.7,39,1.2,23,1005
marvin_bagley,马文 巴格利,11.2,-,0.8,-,7,-,50.40%,-,23.70%,-,66.30%,-,0.38,-,0.46,-,896
killian_hayes,基利安 海斯,6.9,174,4.2,37,3.2,143,38.30%,-,26.30%,-,77.00%,-,0.5,66,1.2,23,530
hamidou_diallo,哈米杜 迪亚洛,11,93,1.3,147,4.8,78,49.60%,-,24.70%,-,65.00%,-,0.3,105,1.2,23,520
cory_joseph,科里 约瑟夫,8,156,3.6,46,2.7,164,44.50%,-,41.40%,-,88.50%,-,0.3,105,0.6,135,491
isaiah_stewart,以赛亚 斯图尔特,8.3,147,1.2,157,8.7,18,50.90%,-,32.60%,-,71.80%,-,1.1,14,0.3,198,312
frank_jackson,弗兰克 杰克逊,10.6,-,1,-,1.6,-,40.20%,-,30.80%,128,82.70%,-,0.15,-,0.51,-,300
saddiq_bey,萨迪克 贝,16.1,50,2.8,69,5.4,57,39.60%,97,34.60%,98,82.70%,47,0.2,145,0.9,64,269
rodney_mcgruder,罗德尼 麦格鲁德,5.4,-,0.9,-,2.2,-,43.40%,-,39.70%,-,73.10%,-,0.14,-,0.41,-,194
saben_lee,萨宾 李,5.6,-,2.9,-,2.3,-,39.00%,-,23.30%,-,78.90%,-,0.32,-,0.95,-,149
isaiah_livers,以赛亚 利弗斯,6.4,-,1.2,-,3,-,45.60%,-,42.20%,-,85.70%,-,0.37,-,0.68,-,106
luka_garza,卢卡 加尔扎,5.8,-,0.6,-,3.1,-,44.90%,-,32.70%,-,62.30%,-,0.19,-,0.28,-,46
jamorko_pickett,杰莫科 皮克特,3.8,-,0.5,-,2.5,-,36.00%,-,33.30%,-,50.00%,-,0.54,-,0,-,0
braxton_key,布拉克斯顿 基,7.2,-,1,-,4.6,-,45.80%,-,28.60%,-,53.80%,-,1.09,-,1,-,0
carsen_edwards,卡森 爱德华兹,5.8,-,3.5,-,1.5,-,30.00%,-,25.00%,-,100%,-,0,-,0.5,-,0
